product_id,mrp,discount_percent,final_price
1,792,30,554
2,1878,50,939
3,4682,20,3745
4,4893,0,4893
5,4620,20,3696
6,4321,0,4321
7,2490,10,2241
8,4971,20,3976
9,3634,10,3270
10,1268,30,887
11,4113,0,4113
12,3488,40,2092
13,2209,20,1767
14,1778,50,889
15,869,40,521
16,3394,30,2375
17,1960,20,1568
18,3786,50,1893
19,686,0,686
20,1109,40,665
21,920,30,644
22,2502,0,2502
23,4499,50,2249
24,2879,10,2591
25,1902,30,1331
26,596,20,476
27,3086,50,1543
28,640,50,320
29,4824,40,2894
30,4086,10,3677
31,1266,0,1266
32,1230,10,1107
33,931,0,931
34,1860,0,1860
35,2123,50,1061
36,4413,50,2206
37,3659,0,3659
38,3782,20,3025
39,2438,50,1219
40,559,20,447
41,3449,30,2414
42,4070,30,2849
43,1420,0,1420
44,1294,30,905
45,3712,20,2969
46,2546,30,1782
47,4260,40,2556
48,1752,20,1401
49,1845,50,922
50,3915,50,1957
51,1663,50,831
52,519,20,415
53,2818,30,1972
54,1268,40,760
55,2803,20,2242
56,4053,30,2837
57,2482,10,2233
58,4340,10,3906
59,4341,50,2170
60,4959,0,4959
61,1867,30,1306
62,590,20,472
63,600,40,360
64,3947,0,3947
65,4814,50,2407
66,4394,40,2636
67,1769,50,884
68,4767,20,3813
69,990,20,792
70,3025,30,2117
71,4818,0,4818
72,1602,20,1281
73,1707,20,1365
74,2854,0,2854
75,4162,40,2497
76,4302,50,2151
77,3523,10,3170
78,4498,30,3148
79,1428,30,999
80,4487,30,3140
81,2276,10,2048
82,818,40,490
83,3023,20,2418
84,1067,50,533
85,4335,0,4335
86,1837,30,1285
87,4859,40,2915
88,1345,0,1345
89,3337,10,3003
90,2329,40,1397
91,4597,30,3217
92,4347,0,4347
93,2267,50,1133
94,1338,50,669
95,542,0,542
96,1518,10,1366
97,672,0,672
98,548,10,493
99,960,30,672
100,1623,50,811
101,2623,30,1836
102,3341,0,3341
103,4926,30,3448
104,3536,0,3536
105,4224,40,2534
106,3680,10,3312
107,1517,0,1517
108,4918,40,2950
109,4180,40,2508
110,3232,10,2908
111,1883,0,1883
112,538,30,376
113,3623,0,3623
114,3334,0,3334
115,3440,10,3096
116,1021,40,612
117,703,50,351
118,4387,0,4387
119,1384,10,1245
120,1608,0,1608
121,3357,30,2349
122,4806,40,2883
123,2673,50,1336
124,2639,50,1319
125,3800,30,2660
126,4082,40,2449
127,2037,10,1833
128,889,0,889
129,1241,10,1116
130,2597,0,2597
131,4012,30,2808
132,780,30,546
133,1209,20,967
134,4818,0,4818
135,517,10,465
136,3797,0,3797
137,1202,40,721
138,4945,40,2967
139,4319,0,4319
140,2112,0,2112
141,1615,10,1453
142,2545,50,1272
143,1049,40,629
144,1196,10,1076
145,2185,30,1529
146,3864,0,3864
147,3645,30,2551
148,2155,40,1293
149,4348,50,2174
150,3862,30,2703
151,4943,20,3954
152,959,40,575
153,4519,50,2259
154,4502,0,4502
155,2931,40,1758
156,3124,20,2499
157,4778,30,3344
158,4055,50,2027
159,2693,0,2693
160,4026,50,2013
161,3025,0,3025
162,1432,30,1002
163,1458,0,1458
164,4652,50,2326
165,4710,50,2355
166,4483,30,3138
167,1825,20,1460
168,3113,50,1556
169,4766,20,3812
170,4496,30,3147
171,4703,20,3762
172,553,50,276
173,3651,40,2190
174,700,0,700
175,4911,30,3437
176,2218,40,1330
177,3203,40,1921
178,582,40,349
179,2124,0,2124
180,1693,20,1354
181,1954,20,1563
182,2496,10,2246
183,1363,10,1226
184,2238,50,1119
185,4058,50,2029
186,996,40,597
187,4416,10,3974
188,944,0,944
189,2164,30,1514
190,3888,0,3888
191,2431,10,2187
192,1186,50,593
193,1022,50,511
194,3315,20,2652
195,1558,30,1090
196,3725,20,2980
197,4280,50,2140
198,530,20,424
199,2171,50,1085
200,2133,10,1919
201,631,10,567
202,2183,0,2183
203,2864,20,2291
204,1404,40,842
205,4981,0,4981
206,3722,0,3722
207,2603,20,2082
208,2778,30,1944
209,2348,20,1878
210,4152,0,4152
211,3775,10,3397
212,3599,10,3239
213,3666,20,2932
214,4897,50,2448
215,2810,40,1686
216,1437,0,1437
217,536,20,428
218,4508,40,2704
219,3093,40,1855
220,3393,0,3393
221,1376,10,1238
222,4294,50,2147
223,2613,10,2351
224,2502,20,2001
225,4936,0,4936
226,4243,30,2970
227,2011,20,1608
228,2215,30,1550
229,1759,50,879
230,4418,20,3534
231,2493,40,1495
232,3210,30,2247
233,2000,0,2000
234,4505,0,4505
235,2067,40,1240
236,1117,30,781
237,2236,40,1341
238,3679,20,2943
239,2818,0,2818
240,4133,40,2479
241,4119,50,2059
242,2817,0,2817
243,4560,40,2736
244,1247,20,997
245,4176,50,2088
246,2876,0,2876
247,4509,0,4509
248,1137,30,795
249,3368,40,2020
250,2392,20,1913
251,2933,10,2639
252,1250,40,750
253,4087,30,2860
254,1900,20,1520
255,3743,0,3743
256,4782,40,2869
257,1919,10,1727
258,2748,50,1374
259,2860,20,2288
260,4840,50,2420
261,3919,40,2351
262,1517,30,1061
263,1634,20,1307
264,4874,30,3411
265,4495,0,4495
266,2786,20,2228
267,2160,30,1512
268,3339,50,1669
269,1434,30,1003
270,1852,0,1852
271,4429,30,3100
272,3325,30,2327
273,4395,0,4395
274,4958,30,3470
275,667,40,400
276,2002,10,1801
277,3675,30,2572
278,3070,50,1535
279,3584,0,3584
280,1863,0,1863
281,4794,10,4314
282,2312,20,1849
283,3429,40,2057
284,3441,10,3096
285,1031,40,618
286,2303,10,2072
287,1695,0,1695
288,3339,30,2337
289,2528,10,2275
290,1280,10,1152
291,576,10,518
292,3870,50,1935
293,3970,50,1985
294,4699,30,3289
295,4692,40,2815
296,4787,10,4308
297,1149,10,1034
298,2877,20,2301
299,1217,0,1217
300,2147,0,2147
301,4033,50,2016
302,1201,20,960
303,1062,30,743
304,946,0,946
305,2838,0,2838
306,4408,40,2644
307,585,10,526
308,1292,40,775
309,2882,40,1729
310,1182,50,591
311,1463,30,1024
312,2778,20,2222
313,1688,20,1350
314,2471,40,1482
315,4749,10,4274
316,4821,0,4821
317,2899,10,2609
318,3736,40,2241
319,3199,0,3199
320,4562,0,4562
321,3900,20,3120
322,564,0,564
323,665,40,399
324,576,50,288
325,4190,40,2514
326,2811,0,2811
327,2822,20,2257
328,1721,40,1032
329,855,20,684
330,4917,50,2458
331,3055,0,3055
332,4485,50,2242
333,4269,40,2561
334,629,10,566
335,3897,50,1948
336,838,10,754
337,4570,40,2742
338,2365,0,2365
339,4887,10,4398
340,3788,20,3030
341,543,0,543
342,793,30,555
343,1052,20,841
344,1519,10,1367
345,3273,50,1636
346,4695,40,2817
347,2170,20,1736
348,1653,40,991
349,741,20,592
350,2290,50,1145
351,589,40,353
352,4883,40,2929
353,3486,30,2440
354,1659,0,1659
355,1642,40,985
356,4244,30,2970
357,3256,50,1628
358,4234,50,2117
359,4837,10,4353
360,3526,0,3526
361,4972,10,4474
362,1198,50,599
363,4903,50,2451
364,3470,10,3123
365,1391,40,834
366,4993,30,3495
367,1246,40,747
368,4832,30,3382
369,1526,30,1068
370,3038,0,3038
371,1263,50,631
372,3320,20,2656
373,738,0,738
374,516,40,309
375,3342,20,2673
376,3583,20,2866
377,1950,50,975
378,1063,20,850
379,1181,50,590
380,506,10,455
381,4542,10,4087
382,3820,40,2292
383,2047,40,1228
384,4106,10,3695
385,1224,40,734
386,3138,40,1882
387,1871,20,1496
388,3428,20,2742
389,4130,20,3304
390,3721,50,1860
391,2716,30,1901
392,3064,20,2451
393,4626,40,2775
394,3426,50,1713
395,4344,30,3040
396,3673,10,3305
397,3748,0,3748
398,692,20,553
399,1699,30,1189
400,3223,0,3223
401,2435,10,2191
402,1095,0,1095
403,2880,50,1440
404,3632,30,2542
405,2317,20,1853
406,3287,50,1643
407,3710,30,2597
408,3586,10,3227
409,1834,40,1100
410,2578,20,2062
411,4597,40,2758
412,1184,40,710
413,4596,40,2757
414,3917,20,3133
415,1536,40,921
416,1333,30,933
417,2060,40,1236
418,1733,30,1213
419,4084,30,2858
420,4499,40,2699
421,2521,50,1260
422,797,50,398
423,1912,30,1338
424,1677,0,1677
425,4650,50,2325
426,4613,40,2767
427,4132,20,3305
428,4486,0,4486
429,2675,50,1337
430,750,30,525
431,3771,20,3016
432,1521,50,760
433,2722,20,2177
434,1513,30,1059
435,1132,0,1132
436,678,20,542
437,3510,40,2106
438,4638,0,4638
439,4949,40,2969
440,1835,30,1284
441,3873,50,1936
442,1804,20,1443
443,752,10,676
444,1997,10,1797
445,3817,30,2671
446,1631,40,978
447,1785,50,892
448,841,50,420
449,3798,40,2278
450,2689,50,1344
451,835,0,835
452,1139,30,797
453,875,40,525
454,2311,50,1155
455,1208,20,966
456,3849,10,3464
457,2666,10,2399
458,2145,30,1501
459,4358,50,2179
460,1754,50,877
461,3550,50,1775
462,746,10,671
463,3254,10,2928
464,1219,50,609
465,3729,50,1864
466,886,30,620
467,4827,10,4344
468,1943,50,971
469,831,0,831
470,1529,30,1070
471,3142,10,2827
472,2065,20,1652
473,3843,50,1921
474,1603,50,801
475,1271,30,889
476,2727,20,2181
477,2607,30,1824
478,3791,0,3791
479,4231,20,3384
480,1183,50,591
481,2905,10,2614
482,3514,20,2811
483,677,50,338
484,2686,0,2686
485,4913,50,2456
486,3356,50,1678
487,618,30,432
488,3888,40,2332
489,4107,40,2464
490,3728,50,1864
491,1237,30,865
492,4870,0,4870
493,4221,20,3376
494,1531,30,1071
495,1186,20,948
496,686,0,686
497,1399,20,1119
498,1967,30,1376
499,2189,40,1313
500,566,40,339
501,1061,30,742
502,3000,20,2400
503,2963,30,2074
504,1072,20,857
505,829,40,497
506,2823,30,1976
507,1251,50,625
508,4374,50,2187
509,4929,20,3943
510,1767,0,1767
511,4782,50,2391
512,2198,40,1318
513,4507,40,2704
514,4085,0,4085
515,4548,20,3638
516,973,0,973
517,1338,30,936
518,4076,40,2445
519,3598,10,3238
520,2142,0,2142
521,4928,30,3449
522,2166,0,2166
523,1839,0,1839
524,1177,10,1059
525,3758,0,3758
526,1734,10,1560
527,995,50,497
528,942,0,942
529,3485,40,2091
530,4103,20,3282
531,2948,0,2948
532,2226,0,2226
533,2501,50,1250
534,4811,40,2886
535,2887,20,2309
536,1988,50,994
537,2980,0,2980
538,2018,40,1210
539,2707,10,2436
540,2634,30,1843
541,3694,20,2955
542,1801,50,900
543,1305,50,652
544,2431,50,1215
545,1904,50,952
546,4613,30,3229
547,4232,0,4232
548,1609,0,1609
549,3044,30,2130
550,4902,10,4411
551,2418,0,2418
552,1715,20,1372
553,4284,40,2570
554,4907,50,2453
555,3371,20,2696
556,2767,50,1383
557,3229,10,2906
558,4574,30,3201
559,2751,10,2475
560,3273,20,2618
561,4686,50,2343
562,2208,20,1766
563,1239,0,1239
564,2289,20,1831
565,4380,50,2190
566,2750,10,2475
567,4184,20,3347
568,1131,0,1131
569,4915,20,3932
570,864,0,864
571,2260,20,1808
572,2278,0,2278
573,2819,40,1691
574,2863,0,2863
575,1857,30,1299
576,4311,20,3448
577,2176,10,1958
578,1390,50,695
579,1197,20,957
580,3135,50,1567
581,3778,10,3400
582,2252,0,2252
583,4598,30,3218
584,3333,50,1666
585,2996,50,1498
586,2351,30,1645
587,3419,50,1709
588,4575,40,2745
589,1492,30,1044
590,3804,40,2282
591,1457,20,1165
592,2964,0,2964
593,2460,20,1968
594,4724,0,4724
595,622,20,497
596,4537,50,2268
597,599,50,299
598,1762,20,1409
599,3269,10,2942
600,2608,30,1825
601,849,20,679
602,1417,40,850
603,2790,10,2511
604,3463,20,2770
605,2167,0,2167
606,4651,0,4651
607,1707,0,1707
608,2487,30,1740
609,4686,50,2343
610,4584,0,4584
611,2219,30,1553
612,2094,20,1675
613,2282,10,2053
614,4225,50,2112
615,4111,20,3288
616,1280,0,1280
617,2048,50,1024
618,693,40,415
619,4019,50,2009
620,727,30,508
621,2153,50,1076
622,2026,0,2026
623,954,20,763
624,1581,30,1106
625,1140,10,1026
626,1898,30,1328
627,2160,10,1944
628,1306,30,914
629,1329,50,664
630,1598,30,1118
631,3023,10,2720
632,2867,20,2293
633,4788,50,2394
634,4558,50,2279
635,3312,0,3312
636,777,0,777
637,2879,10,2591
638,3425,20,2740
639,3320,20,2656
640,2382,0,2382
641,2871,40,1722
642,3636,10,3272
643,3715,20,2972
644,3458,10,3112
645,2488,0,2488
646,3004,0,3004
647,1759,20,1407
648,2671,40,1602
649,4152,40,2491
650,4268,0,4268
651,3248,0,3248
652,2933,20,2346
653,2702,50,1351
654,2372,20,1897
655,1832,50,916
656,3693,10,3323
657,3135,30,2194
658,4098,10,3688
659,2378,20,1902
660,1515,20,1212
661,3370,30,2359
662,2685,40,1611
663,3364,10,3027
664,4073,40,2443
665,3559,10,3203
666,2145,10,1930
667,3805,10,3424
668,2486,20,1988
669,2792,50,1396
670,4954,20,3963
671,823,40,493
672,4896,40,2937
673,3832,10,3448
674,3206,10,2885
675,3781,40,2268
676,3610,30,2527
677,2336,10,2102
678,1338,30,936
679,3721,0,3721
680,4376,20,3500
681,1547,30,1082
682,2398,20,1918
683,3418,10,3076
684,1321,50,660
685,2878,40,1726
686,4640,10,4176
687,2481,40,1488
688,2993,0,2993
689,2667,30,1866
690,1689,20,1351
691,3204,40,1922
692,1439,10,1295
693,739,20,591
694,4667,0,4667
695,3377,10,3039
696,3719,10,3347
697,3850,20,3080
698,2236,50,1118
699,1857,30,1299
700,3294,40,1976
701,3314,40,1988
702,887,30,620
703,3947,20,3157
704,4016,0,4016
705,1366,10,1229
706,1189,30,832
707,4934,0,4934
708,4431,50,2215
709,778,10,700
710,1753,40,1051
711,4862,0,4862
712,4577,40,2746
713,4916,30,3441
714,3115,20,2492
715,3076,0,3076
716,906,0,906
717,2411,30,1687
718,2448,10,2203
719,1185,0,1185
720,4533,40,2719
721,3011,10,2709
722,4785,50,2392
723,2389,0,2389
724,1394,40,836
725,2307,10,2076
726,1227,40,736
727,3027,20,2421
728,4567,20,3653
729,3090,30,2163
730,3997,40,2398
731,1433,40,859
732,2402,30,1681
733,4112,20,3289
734,1716,40,1029
735,1095,10,985
736,2157,0,2157
737,2298,20,1838
738,1534,30,1073
739,1278,50,639
740,1599,0,1599
741,3671,0,3671
742,3584,50,1792
743,2398,0,2398
744,4670,30,3269
745,1245,20,996
746,3633,40,2179
747,1371,20,1096
748,4143,50,2071
749,885,40,531
750,1327,0,1327
751,2860,20,2288
752,2681,0,2681
753,4968,40,2980
754,4954,50,2477
755,922,30,645
756,2086,50,1043
757,1683,0,1683
758,3227,10,2904
759,2270,20,1816
760,4862,0,4862
761,3067,20,2453
762,605,50,302
763,1950,50,975
764,2055,0,2055
765,1654,30,1157
766,2195,10,1975
767,2239,50,1119
768,3652,30,2556
769,973,20,778
770,4512,40,2707
771,504,50,252
772,2208,30,1545
773,3732,0,3732
774,4011,50,2005
775,3275,10,2947
776,3071,40,1842
777,1602,30,1121
778,1958,20,1566
779,4539,50,2269
780,1629,40,977
781,2139,0,2139
782,1984,50,992
783,2784,40,1670
784,2973,0,2973
785,2204,40,1322
786,4294,40,2576
787,951,30,665
788,3997,0,3997
789,2564,30,1794
790,789,50,394
791,1136,20,908
792,3317,50,1658
793,1800,50,900
794,4234,50,2117
795,2640,20,2112
796,4568,40,2740
797,1865,20,1492
798,3860,20,3088
799,1155,20,924
800,1698,40,1018
801,2498,40,1498
802,669,0,669
803,770,0,770
804,2298,40,1378
805,4792,0,4792
806,2476,40,1485
807,1195,40,717
808,4854,40,2912
809,4378,20,3502
810,2676,0,2676
811,3093,10,2783
812,3868,20,3094
813,706,10,635
814,1861,20,1488
815,2553,30,1787
816,2623,20,2098
817,3452,0,3452
818,2021,30,1414
819,2880,10,2592
820,4060,40,2436
821,4031,20,3224
822,3012,30,2108
823,1604,20,1283
824,3348,50,1674
825,621,50,310
826,843,30,590
827,3187,50,1593
828,1945,40,1167
829,3815,30,2670
830,2121,50,1060
831,2832,0,2832
832,4932,30,3452
833,523,0,523
834,1023,20,818
835,3502,10,3151
836,1772,40,1063
837,3006,10,2705
838,566,0,566
839,4254,20,3403
840,3986,20,3188
841,2457,50,1228
842,3285,30,2299
843,1458,20,1166
844,3266,40,1959
845,2248,40,1348
846,4581,50,2290
847,1630,0,1630
848,3354,40,2012
849,2695,0,2695
850,805,0,805
851,4569,20,3655
852,982,50,491
853,3105,50,1552
854,2290,30,1603
855,2151,10,1935
856,3909,10,3518
857,2246,40,1347
858,1609,30,1126
859,4075,50,2037
860,3206,30,2244
861,3644,20,2915
862,3661,0,3661
863,856,30,599
864,501,0,501
865,1477,0,1477
866,1479,20,1183
867,1924,10,1731
868,4470,20,3576
869,2808,0,2808
870,2708,50,1354
871,2813,40,1687
872,2988,50,1494
873,1891,50,945
874,1082,0,1082
875,1600,0,1600
876,3613,30,2529
877,2495,0,2495
878,3016,20,2412
879,926,10,833
880,3832,40,2299
881,3779,10,3401
882,4340,30,3038
883,1138,10,1024
884,1664,40,998
885,690,50,345
886,4602,20,3681
887,1675,10,1507
888,838,20,670
889,2547,0,2547
890,2893,0,2893
891,3403,40,2041
892,2290,10,2061
893,3677,0,3677
894,2759,40,1655
895,1984,50,992
896,2647,30,1852
897,546,0,546
898,2310,40,1386
899,2042,0,2042
900,4062,0,4062
901,1068,50,534
902,2550,20,2040
903,4840,40,2904
904,3390,20,2712
905,3943,0,3943
906,799,50,399
907,3762,0,3762
908,1881,30,1316
909,2983,30,2088
910,1936,10,1742
911,716,0,716
912,2451,10,2205
913,2479,40,1487
914,3597,40,2158
915,1183,0,1183
916,4304,10,3873
917,3757,20,3005
918,2866,40,1719
919,4867,0,4867
920,3295,20,2636
921,1044,0,1044
922,3568,30,2497
923,1472,40,883
924,4856,20,3884
925,1503,0,1503
926,3565,50,1782
927,4540,0,4540
928,2216,50,1108
929,3144,50,1572
930,1358,30,950
931,3234,30,2263
932,3653,10,3287
933,4108,30,2875
934,897,20,717
935,1289,20,1031
936,4549,0,4549
937,504,30,352
938,3457,50,1728
939,3870,20,3096
940,3436,0,3436
941,2919,30,2043
942,3227,0,3227
943,3385,40,2031
944,2739,40,1643
945,1588,50,794
946,3726,50,1863
947,4289,10,3860
948,2864,20,2291
949,1629,50,814
950,1620,0,1620
951,1520,0,1520
952,1182,10,1063
953,2619,30,1833
954,2909,40,1745
955,2648,50,1324
956,537,10,483
957,4113,20,3290
958,770,0,770
959,2027,40,1216
960,556,20,444
961,4952,10,4456
962,2759,20,2207
963,2006,0,2006
964,2943,20,2354
965,2263,20,1810
966,1061,40,636
967,4611,30,3227
968,4510,40,2706
969,2706,40,1623
970,760,0,760
971,784,20,627
972,2826,20,2260
973,1699,30,1189
974,1002,0,1002
975,3521,40,2112
976,4869,40,2921
977,3916,50,1958
978,1811,30,1267
979,3734,0,3734
980,3057,30,2139
981,659,40,395
982,4926,20,3940
983,4411,10,3969
984,2207,0,2207
985,4350,30,3045
986,1495,50,747
987,2132,10,1918
988,4194,10,3774
989,3442,20,2753
990,2907,20,2325
991,4667,50,2333
992,1174,10,1056
993,4728,30,3309
994,1445,30,1011
995,4440,40,2664
996,507,50,253
997,1117,50,558
998,533,40,319
999,2973,20,2378
1000,824,30,576
1001,1018,50,509
1002,4078,10,3670
1003,3327,30,2328
1004,1150,30,805
1005,725,50,362
1006,1508,20,1206
1007,1293,50,646
1008,3104,0,3104
1009,1637,0,1637
1010,2823,20,2258
1011,3084,40,1850
1012,2432,40,1459
1013,4278,20,3422
1014,3714,20,2971
1015,1880,30,1316
1016,2453,0,2453
1017,3784,30,2648
1018,875,40,525
1019,1303,40,781
1020,964,20,771
1021,2410,50,1205
1022,2791,30,1953
1023,1320,40,792
1024,3614,40,2168
1025,4354,10,3918
1026,4978,40,2986
1027,3748,50,1874
1028,1802,20,1441
1029,2331,20,1864
1030,2006,0,2006
1031,4576,40,2745
1032,1597,30,1117
1033,4532,20,3625
1034,3046,20,2436
1035,3949,0,3949
1036,974,10,876
1037,2511,40,1506
1038,1274,50,637
1039,1229,30,860
1040,952,40,571
1041,4113,10,3701
1042,2455,30,1718
1043,3243,30,2270
1044,580,50,290
1045,958,50,479
1046,3133,0,3133
1047,2786,20,2228
1048,1338,20,1070
1049,3407,20,2725
1050,3398,50,1699
1051,4846,20,3876
1052,1985,40,1191
1053,3473,50,1736
1054,3404,40,2042
1055,4506,40,2703
1056,4701,10,4230
1057,2623,40,1573
1058,2883,10,2594
1059,2874,20,2299
1060,3555,10,3199
1061,2221,40,1332
1062,3345,10,3010
1063,1092,50,546
1064,4036,0,4036
1065,4513,0,4513
1066,2374,50,1187
1067,996,40,597
1068,4205,10,3784
1069,4275,0,4275
1070,688,20,550
1071,2859,40,1715
1072,1611,50,805
1073,3497,40,2098
1074,3942,0,3942
1075,1666,30,1166
1076,2591,30,1813
1077,3983,40,2389
1078,2406,50,1203
1079,1553,40,931
1080,697,40,418
1081,3482,40,2089
1082,3972,50,1986
1083,1885,20,1508
1084,2568,40,1540
1085,4850,10,4365
1086,4512,20,3609
1087,4490,10,4041
1088,2478,30,1734
1089,4442,50,2221
1090,1960,40,1176
1091,2817,30,1971
1092,3914,20,3131
1093,731,50,365
1094,594,50,297
1095,2087,20,1669
1096,2164,0,2164
1097,2530,50,1265
1098,2727,30,1908
1099,2505,40,1503
1100,3474,10,3126
1101,2286,0,2286
1102,1035,0,1035
1103,4760,10,4284
1104,1953,20,1562
1105,3479,30,2435
1106,2992,50,1496
1107,4078,30,2854
1108,4538,10,4084
1109,732,40,439
1110,3229,10,2906
1111,2049,0,2049
1112,741,30,518
1113,4586,30,3210
1114,2943,30,2060
1115,2545,30,1781
1116,613,0,613
1117,1768,10,1591
1118,2387,50,1193
1119,4753,0,4753
1120,560,30,392
1121,2709,10,2438
1122,2405,50,1202
1123,4159,30,2911
1124,886,10,797
1125,852,50,426
1126,2990,20,2392
1127,3403,10,3062
1128,658,50,329
1129,4600,20,3680
1130,1361,30,952
1131,2931,10,2637
1132,4871,0,4871
1133,937,0,937
1134,3708,0,3708
1135,3246,40,1947
1136,3477,20,2781
1137,4874,10,4386
1138,1552,50,776
1139,2404,50,1202
1140,2614,20,2091
1141,2618,40,1570
1142,4113,0,4113
1143,1183,20,946
1144,2383,40,1429
1145,1098,10,988
1146,1099,50,549
1147,4100,20,3280
1148,2623,0,2623
1149,1509,50,754
1150,1331,50,665
1151,3027,20,2421
1152,2743,50,1371
1153,2181,0,2181
1154,4957,40,2974
1155,706,10,635
1156,2625,30,1837
1157,4610,0,4610
1158,2466,20,1972
1159,1406,50,703
1160,800,50,400
1161,1777,50,888
1162,2180,20,1744
1163,718,10,646
1164,517,30,361
1165,4355,20,3484
1166,4645,30,3251
1167,4844,20,3875
1168,1633,50,816
1169,3209,50,1604
1170,4616,20,3692
1171,3835,50,1917
1172,1064,30,744
1173,4293,40,2575
1174,1476,20,1180
1175,3062,10,2755
1176,2731,0,2731
1177,3269,50,1634
1178,907,50,453
1179,2677,30,1873
1180,3746,10,3371
1181,3918,20,3134
1182,2994,10,2694
1183,1772,40,1063
1184,3622,0,3622
1185,1135,0,1135
1186,3163,10,2846
1187,4595,20,3676
1188,3736,30,2615
1189,3473,50,1736
1190,2861,40,1716
1191,917,40,550
1192,2573,10,2315
1193,1283,30,898
1194,1440,30,1007
1195,3671,50,1835
1196,1494,0,1494
1197,1701,30,1190
1198,2167,20,1733
1199,3172,40,1903
1200,1726,40,1035
1201,604,0,604
1202,4332,50,2166
1203,2075,0,2075
1204,2290,20,1832
1205,1571,50,785
1206,3018,30,2112
1207,3437,50,1718
1208,1640,10,1476
1209,2041,20,1632
1210,2312,50,1156
1211,3315,10,2983
1212,1389,20,1111
1213,1274,30,891
1214,4459,20,3567
1215,1338,30,936
1216,4207,0,4207
1217,1449,10,1304
1218,4602,0,4602
1219,2808,20,2246
1220,2352,10,2116
1221,3830,50,1915
1222,1820,40,1092
1223,3226,20,2580
1224,1242,10,1117
1225,661,40,396
1226,2354,10,2118
1227,4213,50,2106
1228,1907,0,1907
1229,3637,0,3637
1230,4036,30,2825
1231,558,40,334
1232,1283,30,898
1233,1438,10,1294
1234,4250,10,3825
1235,3419,40,2051
1236,3745,20,2996
1237,1500,40,900
1238,1190,40,714
1239,589,20,471
1240,2447,50,1223
1241,4184,0,4184
1242,1998,40,1198
1243,1131,50,565
1244,1544,10,1389
1245,1934,0,1934
1246,862,10,775
1247,3701,50,1850
1248,1740,40,1044
1249,3874,10,3486
1250,1751,30,1225
1251,4168,30,2917
1252,2698,10,2428
1253,3040,0,3040
1254,2896,50,1448
1255,4557,10,4101
1256,3193,20,2554
1257,3710,10,3339
1258,2799,40,1679
1259,1464,30,1024
1260,2956,10,2660
1261,2874,50,1437
1262,3728,30,2609
1263,2724,50,1362
1264,4031,0,4031
1265,2626,0,2626
1266,2670,30,1868
1267,3995,30,2796
1268,2553,50,1276
1269,3348,30,2343
1270,1882,20,1505
1271,3220,0,3220
1272,1123,0,1123
1273,4621,30,3234
1274,4150,40,2490
1275,4818,50,2409
1276,1699,10,1529
1277,3913,40,2347
1278,4220,10,3798
1279,658,0,658
1280,2813,40,1687
1281,966,20,772
1282,4685,0,4685
1283,3370,10,3033
1284,3971,50,1985
1285,2933,40,1759
1286,3936,30,2755
1287,4835,50,2417
1288,3722,50,1861
1289,3302,40,1981
1290,2494,10,2244
1291,965,10,868
1292,4804,10,4323
1293,3664,40,2198
1294,2134,40,1280
1295,4499,0,4499
1296,3196,30,2237
1297,4674,30,3271
1298,1129,50,564
1299,2755,50,1377
1300,4088,0,4088
1301,4303,50,2151
1302,1967,40,1180
1303,4079,0,4079
1304,4546,0,4546
1305,3618,10,3256
1306,4955,20,3964
1307,2527,50,1263
1308,1421,30,994
1309,2205,30,1543
1310,940,0,940
1311,1585,0,1585
1312,2444,20,1955
1313,2573,0,2573
1314,1214,10,1092
1315,2726,0,2726
1316,1096,50,548
1317,3761,40,2256
1318,4800,40,2880
1319,4899,0,4899
1320,4337,50,2168
1321,2942,30,2059
1322,4541,50,2270
1323,1770,0,1770
1324,3627,50,1813
1325,2792,0,2792
1326,1701,20,1360
1327,1119,0,1119
1328,1372,0,1372
1329,4835,50,2417
1330,1929,50,964
1331,3424,40,2054
1332,653,40,391
1333,1480,20,1184
1334,2581,0,2581
1335,1556,0,1556
1336,1479,30,1035
1337,4197,50,2098
1338,3506,10,3155
1339,3121,0,3121
1340,1976,30,1383
1341,2128,0,2128
1342,3951,40,2370
1343,3364,30,2354
1344,1438,40,862
1345,2894,20,2315
1346,3427,20,2741
1347,2116,30,1481
1348,3352,10,3016
1349,3947,20,3157
1350,3750,50,1875
1351,1256,50,628
1352,3307,0,3307
1353,2508,20,2006
1354,923,20,738
1355,3150,20,2520
1356,2588,10,2329
1357,782,30,547
1358,3588,40,2152
1359,4293,40,2575
1360,3867,40,2320
1361,4542,10,4087
1362,1416,0,1416
1363,4355,20,3484
1364,4534,30,3173
1365,1237,30,865
1366,3576,0,3576
1367,1366,10,1229
1368,1822,20,1457
1369,4552,40,2731
1370,4075,20,3260
1371,2859,0,2859
1372,2946,30,2062
1373,3678,20,2942
1374,3226,20,2580
1375,3812,0,3812
1376,2064,40,1238
1377,2235,0,2235
1378,3187,0,3187
1379,2054,10,1848
1380,1399,0,1399
1381,4453,50,2226
1382,2370,30,1659
1383,1292,40,775
1384,2701,30,1890
1385,643,10,578
1386,4173,50,2086
1387,3306,20,2644
1388,3587,10,3228
1389,2950,50,1475
1390,4766,50,2383
1391,4251,40,2550
1392,4662,10,4195
1393,2150,10,1935
1394,1530,20,1224
1395,909,20,727
1396,1894,50,947
1397,3128,10,2815
1398,4773,40,2863
1399,553,40,331
1400,3371,40,2022
1401,3450,30,2415
1402,2853,30,1997
1403,4981,0,4981
1404,3304,40,1982
1405,1195,10,1075
1406,4922,20,3937
1407,2779,0,2779
1408,4676,10,4208
1409,1351,10,1215
1410,2986,0,2986
1411,3979,40,2387
1412,2720,0,2720
1413,2983,0,2983
1414,1153,50,576
1415,4205,20,3364
1416,2037,50,1018
1417,1633,10,1469
1418,1420,0,1420
1419,2034,20,1627
1420,3600,50,1800
1421,2559,40,1535
1422,3870,40,2322
1423,4625,20,3700
1424,4127,0,4127
1425,1531,50,765
1426,552,30,386
1427,3298,20,2638
1428,618,40,370
1429,2512,0,2512
1430,2749,50,1374
1431,514,30,359
1432,1355,30,948
1433,3968,30,2777
1434,4054,50,2027
1435,2330,20,1864
1436,2683,40,1609
1437,1892,30,1324
1438,2177,0,2177
1439,1766,40,1059
1440,4494,40,2696
1441,4358,40,2614
1442,4078,0,4078
1443,3413,40,2047
1444,1104,50,552
1445,1734,20,1387
1446,4803,30,3362
1447,4947,10,4452
1448,953,40,571
1449,997,40,598
1450,2837,50,1418
1451,4562,50,2281
1452,868,0,868
1453,2342,40,1405
1454,3906,30,2734
1455,2059,50,1029
1456,3055,0,3055
1457,3876,30,2713
1458,1072,0,1072
1459,799,30,559
1460,4199,10,3779
1461,4653,10,4187
1462,1557,0,1557
1463,592,30,414
1464,4132,0,4132
1465,3881,20,3104
1466,4350,10,3915
1467,1069,30,748
1468,4368,50,2184
1469,1704,0,1704
1470,2036,10,1832
1471,3468,10,3121
1472,597,40,358
1473,3641,10,3276
1474,1345,20,1076
1475,3707,0,3707
1476,1046,0,1046
1477,2437,30,1705
1478,2765,10,2488
1479,4693,10,4223
1480,3459,50,1729
1481,2289,20,1831
1482,3296,0,3296
1483,4246,20,3396
1484,2194,50,1097
1485,1371,10,1233
1486,1260,0,1260
1487,1830,50,915
1488,4953,0,4953
1489,2315,50,1157
1490,3006,40,1803
1491,3558,0,3558
1492,4990,0,4990
1493,3385,0,3385
1494,3943,20,3154
1495,695,0,695
1496,3362,30,2353
1497,3101,50,1550
1498,4500,10,4050
1499,2317,40,1390
1500,4806,40,2883
1501,4257,30,2979
1502,4751,0,4751
1503,1728,20,1382
1504,3503,50,1751
1505,4042,30,2829
1506,2225,10,2002
1507,1515,10,1363
1508,3981,30,2786
1509,3723,40,2233
1510,727,0,727
1511,1823,30,1276
1512,4824,10,4341
1513,1147,10,1032
1514,3917,40,2350
1515,2205,10,1984
1516,4816,40,2889
1517,3324,10,2991
1518,4912,10,4420
1519,2021,40,1212
1520,4454,50,2227
1521,2647,0,2647
1522,4390,30,3073
1523,2513,40,1507
1524,4545,30,3181
1525,561,10,504
1526,3173,0,3173
1527,3490,20,2792
1528,3644,20,2915
1529,1469,10,1322
1530,627,30,438
1531,3172,40,1903
1532,1467,30,1026
1533,2292,50,1146
1534,3982,20,3185
1535,3498,30,2448
1536,4591,10,4131
1537,4639,0,4639
1538,4175,20,3340
1539,2819,10,2537
1540,1688,40,1012
1541,4973,10,4475
1542,2647,10,2382
1543,4300,10,3870
1544,4448,10,4003
1545,3160,20,2528
1546,4228,0,4228
1547,3045,40,1827
1548,4599,10,4139
1549,1531,30,1071
1550,1685,10,1516
1551,4263,20,3410
1552,4315,20,3452
1553,4493,10,4043
1554,1749,20,1399
1555,775,20,620
1556,3651,0,3651
1557,3527,10,3174
1558,2329,50,1164
1559,3301,10,2970
1560,3418,50,1709
1561,3797,30,2657
1562,2097,30,1467
1563,2572,40,1543
1564,4192,0,4192
1565,4737,0,4737
1566,3373,40,2023
1567,3245,20,2596
1568,588,40,352
1569,2332,40,1399
1570,3775,30,2642
1571,2540,50,1270
1572,4795,50,2397
1573,3942,50,1971
1574,1744,30,1220
1575,3401,0,3401
1576,820,30,574
1577,4826,30,3378
1578,3761,20,3008
1579,4861,10,4374
1580,3137,10,2823
1581,4273,0,4273
1582,3778,50,1889
1583,2272,40,1363
1584,4287,20,3429
1585,2894,10,2604
1586,4470,40,2682
1587,4551,20,3640
1588,2922,0,2922
1589,4017,50,2008
1590,645,40,387
1591,3156,20,2524
1592,3383,30,2368
1593,954,0,954
1594,2653,40,1591
1595,520,40,312
1596,3054,10,2748
1597,4440,0,4440
1598,4414,10,3972
1599,1046,20,836
1600,4895,30,3426
1601,1621,10,1458
1602,2638,0,2638
1603,2796,50,1398
1604,2055,40,1233
1605,758,10,682
1606,2303,0,2303
1607,3530,40,2118
1608,4700,20,3760
1609,718,40,430
1610,1381,10,1242
1611,3842,50,1921
1612,4564,30,3194
1613,1623,50,811
1614,3250,0,3250
1615,4540,50,2270
1616,1473,30,1031
1617,966,30,676
1618,2694,0,2694
1619,4116,20,3292
1620,3705,40,2223
1621,2219,10,1997
1622,1965,20,1572
1623,1700,10,1530
1624,3851,20,3080
1625,2605,20,2084
1626,1634,10,1470
1627,3700,30,2590
1628,3310,30,2317
1629,1437,0,1437
1630,4954,40,2972
1631,3157,40,1894
1632,4990,0,4990
1633,1223,10,1100
1634,1988,30,1391
1635,3265,20,2612
1636,4464,30,3124
1637,2222,50,1111
1638,1775,50,887
1639,4481,50,2240
1640,4236,10,3812
1641,1915,50,957
1642,897,0,897
1643,2762,50,1381
1644,3301,30,2310
1645,910,30,637
1646,2706,20,2164
1647,860,10,774
1648,1675,30,1172
1649,2072,30,1450
1650,3911,30,2737
1651,4393,50,2196
1652,2615,10,2353
1653,3633,40,2179
1654,2215,30,1550
1655,1629,50,814
1656,4613,20,3690
1657,3217,30,2251
1658,1056,50,528
1659,2688,30,1881
1660,804,10,723
1661,3483,50,1741
1662,2811,30,1967
1663,1275,40,765
1664,683,10,614
1665,1376,10,1238
1666,2154,50,1077
1667,2781,10,2502
1668,4765,10,4288
1669,1203,40,721
1670,4452,10,4006
1671,1324,10,1191
1672,4646,10,4181
1673,3409,20,2727
1674,1050,0,1050
1675,3301,50,1650
1676,2104,10,1893
1677,1596,40,957
1678,3025,0,3025
1679,2921,30,2044
1680,4900,0,4900
1681,2887,30,2020
1682,1549,50,774
1683,3064,20,2451
1684,2165,40,1299
1685,2908,20,2326
1686,1100,40,660
1687,3640,50,1820
1688,2937,10,2643
1689,2599,0,2599
1690,3885,40,2331
1691,4156,0,4156
1692,4214,50,2107
1693,2786,10,2507
1694,3488,40,2092
1695,1273,30,891
1696,2047,30,1432
1697,1887,10,1698
1698,1904,30,1332
1699,935,20,748
1700,856,0,856
1701,1183,30,828
1702,2211,30,1547
1703,3645,10,3280
1704,4467,20,3573
1705,2006,30,1404
1706,3500,10,3150
1707,2629,30,1840
1708,738,0,738
1709,1771,30,1239
1710,4572,10,4114
1711,528,20,422
1712,773,10,695
1713,4909,10,4418
1714,4409,40,2645
1715,771,40,462
1716,1899,20,1519
1717,2384,20,1907
1718,1827,0,1827
1719,3718,50,1859
1720,1971,20,1576
1721,2999,10,2699
1722,2332,10,2098
1723,888,50,444
1724,2211,40,1326
1725,3777,20,3021
1726,4605,40,2763
1727,4002,0,4002
1728,3749,30,2624
1729,4030,40,2418
1730,3313,20,2650
1731,4136,10,3722
1732,3825,40,2295
1733,1335,40,801
1734,4462,50,2231
1735,2888,30,2021
1736,2988,50,1494
1737,2096,50,1048
1738,1150,40,690
1739,4822,40,2893
1740,3102,0,3102
1741,2615,20,2092
1742,3371,10,3033
1743,1838,50,919
1744,1468,10,1321
1745,1039,20,831
1746,2156,30,1509
1747,516,30,361
1748,4585,50,2292
1749,1759,30,1231
1750,3809,20,3047
1751,3423,40,2053
1752,3933,10,3539
1753,565,0,565
1754,1210,50,605
1755,1049,30,734
1756,626,10,563
1757,4373,20,3498
1758,3893,40,2335
1759,2341,40,1404
1760,2694,20,2155
1761,1171,20,936
1762,865,40,519
1763,2931,10,2637
1764,3548,20,2838
1765,1679,50,839
1766,4909,0,4909
1767,3165,10,2848
1768,1113,0,1113
1769,2544,0,2544
1770,1419,50,709
1771,4885,0,4885
1772,4204,0,4204
1773,4056,20,3244
1774,4719,40,2831
1775,714,0,714
1776,1523,10,1370
1777,1685,20,1348
1778,4217,20,3373
1779,2226,40,1335
1780,3084,50,1542
1781,3306,20,2644
1782,687,0,687
1783,4299,10,3869
1784,2028,0,2028
1785,922,20,737
1786,562,40,337
1787,565,10,508
1788,994,0,994
1789,2877,0,2877
1790,2321,40,1392
1791,1664,0,1664
1792,1959,40,1175
1793,2825,20,2260
1794,576,10,518
1795,2220,40,1332
1796,814,50,407
1797,1528,20,1222
1798,4864,20,3891
1799,2863,10,2576
1800,3511,10,3159
1801,1277,20,1021
1802,689,50,344
1803,1885,40,1131
1804,4416,50,2208
1805,1929,20,1543
1806,3760,0,3760
1807,4764,0,4764
1808,1892,30,1324
1809,829,20,663
1810,2429,40,1457
1811,4387,40,2632
1812,4169,20,3335
1813,3045,50,1522
1814,4966,10,4469
1815,4457,50,2228
1816,824,30,576
1817,2016,40,1209
1818,3275,20,2620
1819,684,20,547
1820,4479,30,3135
1821,658,10,592
1822,3352,0,3352
1823,3155,20,2524
1824,834,0,834
1825,2070,0,2070
1826,828,40,496
1827,947,0,947
1828,1684,50,842
1829,2226,20,1780
1830,1394,40,836
1831,777,20,621
1832,1380,0,1380
1833,741,20,592
1834,3701,10,3330
1835,1329,10,1196
1836,4172,30,2920
1837,4412,0,4412
1838,690,50,345
1839,1006,30,704
1840,2415,30,1690
1841,2796,20,2236
1842,1733,30,1213
1843,4400,50,2200
1844,2244,30,1570
1845,3790,10,3411
1846,3425,30,2397
1847,1063,40,637
1848,2436,0,2436
1849,2887,0,2887
1850,630,0,630
1851,3576,0,3576
1852,1497,50,748
1853,2200,10,1980
1854,2613,50,1306
1855,549,30,384
1856,4187,20,3349
1857,1796,30,1257
1858,2338,30,1636
1859,1146,50,573
1860,4812,20,3849
1861,3253,50,1626
1862,4530,30,3171
1863,988,40,592
1864,2275,10,2047
1865,2273,0,2273
1866,1677,20,1341
1867,1953,30,1367
1868,3054,0,3054
1869,2901,0,2901
1870,2136,10,1922
1871,3495,20,2796
1872,4437,0,4437
1873,2918,50,1459
1874,2780,0,2780
1875,3148,30,2203
1876,3886,20,3108
1877,3607,20,2885
1878,3801,40,2280
1879,1370,20,1096
1880,4637,20,3709
1881,4638,30,3246
1882,4105,0,4105
1883,1155,50,577
1884,4344,30,3040
1885,1402,40,841
1886,1937,10,1743
1887,1112,50,556
1888,4988,40,2992
1889,896,30,627
1890,660,50,330
1891,692,30,484
1892,3623,0,3623
1893,2676,0,2676
1894,4068,10,3661
1895,1833,30,1283
1896,1285,30,899
1897,3938,0,3938
1898,2741,40,1644
1899,967,20,773
1900,796,30,557
1901,1601,50,800
1902,2375,50,1187
1903,868,0,868
1904,4138,10,3724
1905,4542,40,2725
1906,2622,20,2097
1907,906,0,906
1908,1220,10,1098
1909,4890,0,4890
1910,1618,50,809
1911,4449,0,4449
1912,988,40,592
1913,640,50,320
1914,4517,50,2258
1915,2624,40,1574
1916,4927,40,2956
1917,3344,30,2340
1918,2809,30,1966
1919,4791,0,4791
1920,3321,40,1992
1921,2655,50,1327
1922,3422,10,3079
1923,4347,40,2608
1924,4950,10,4455
1925,845,40,507
1926,2411,50,1205
1927,2810,10,2529
1928,1131,0,1131
1929,4522,30,3165
1930,3838,50,1919
1931,2837,0,2837
1932,1095,0,1095
1933,3679,10,3311
1934,4699,40,2819
1935,1294,50,647
1936,4961,50,2480
1937,3355,30,2348
1938,1057,50,528
1939,4436,0,4436
1940,2016,40,1209
1941,2839,10,2555
1942,4267,10,3840
1943,1585,50,792
1944,4565,20,3652
1945,946,30,662
1946,4245,30,2971
1947,1482,50,741
1948,1738,40,1042
1949,4245,50,2122
1950,844,30,590
1951,1298,50,649
1952,3719,20,2975
1953,776,30,543
1954,4757,30,3329
1955,2022,30,1415
1956,2713,30,1899
1957,2289,0,2289
1958,4285,10,3856
1959,2401,50,1200
1960,912,20,729
1961,1173,10,1055
1962,1585,0,1585
1963,910,50,455
1964,3465,10,3118
1965,1094,10,984
1966,4743,0,4743
1967,826,0,826
1968,4920,30,3444
1969,2007,0,2007
1970,2600,10,2340
1971,3318,0,3318
1972,4848,0,4848
1973,3489,20,2791
1974,4916,40,2949
1975,893,0,893
1976,3962,20,3169
1977,3205,50,1602
1978,4615,30,3230
1979,1065,0,1065
1980,3561,40,2136
1981,2016,40,1209
1982,3798,20,3038
1983,1705,0,1705
1984,3479,30,2435
1985,4364,50,2182
1986,2517,50,1258
1987,542,30,379
1988,2466,0,2466
1989,4142,20,3313
1990,3532,30,2472
1991,4549,40,2729
1992,1929,0,1929
1993,2227,30,1558
1994,2530,30,1771
1995,4708,10,4237
1996,2817,0,2817
1997,4846,50,2423
1998,1015,40,609
1999,2585,20,2068
2000,4522,10,4069
2001,1545,0,1545
2002,1072,20,857
2003,1207,30,844
2004,4421,0,4421
2005,1550,30,1085
2006,2127,50,1063
2007,1540,20,1232
2008,693,40,415
2009,1444,10,1299
2010,4746,10,4271
2011,2092,30,1464
2012,1513,0,1513
2013,3827,40,2296
2014,2063,10,1856
2015,3776,10,3398
2016,2802,30,1961
2017,789,20,631
2018,1346,40,807
2019,4773,30,3341
2020,1809,40,1085
2021,2536,40,1521
2022,2745,30,1921
2023,4205,40,2523
2024,2834,20,2267
2025,2392,50,1196
2026,3978,0,3978
2027,3095,0,3095
2028,2090,10,1881
2029,1697,50,848
2030,3855,50,1927
2031,2898,10,2608
2032,3981,0,3981
2033,2337,0,2337
2034,2013,50,1006
2035,3691,30,2583
2036,4500,10,4050
2037,3459,10,3113
2038,3887,0,3887
2039,3835,0,3835
2040,1647,0,1647
2041,3178,10,2860
2042,4495,0,4495
2043,4606,10,4145
2044,1566,30,1096
2045,1826,40,1095
2046,4306,50,2153
2047,3886,50,1943
2048,2408,10,2167
2049,4771,30,3339
2050,3436,10,3092
2051,4742,0,4742
2052,2066,10,1859
2053,4322,0,4322
2054,3668,40,2200
2055,4070,30,2849
2056,1071,20,856
2057,2532,30,1772
2058,2954,10,2658
2059,3984,20,3187
2060,1263,0,1263
2061,1993,10,1793
2062,3489,20,2791
2063,694,20,555
2064,4797,0,4797
2065,4986,40,2991
2066,1824,10,1641
2067,2404,50,1202
2068,4427,20,3541
2069,2347,50,1173
2070,4119,40,2471
2071,985,50,492
2072,4385,20,3508
2073,1706,50,853
2074,2930,0,2930
2075,3584,0,3584
2076,906,40,543
2077,3836,50,1918
2078,729,20,583
2079,3491,50,1745
2080,1705,20,1364
2081,971,50,485
2082,3768,10,3391
2083,4030,10,3627
2084,876,0,876
2085,2203,10,1982
2086,3770,50,1885
2087,761,20,608
2088,3163,10,2846
2089,1346,10,1211
2090,1464,50,732
2091,1413,30,989
2092,656,0,656
2093,2704,20,2163
2094,4280,50,2140
2095,513,20,410
2096,1514,0,1514
2097,4813,10,4331
2098,1641,50,820
2099,3123,40,1873
2100,4742,30,3319
2101,1420,30,993
2102,870,10,783
2103,4220,30,2954
2104,2084,20,1667
2105,1457,50,728
2106,4296,0,4296
2107,1823,0,1823
2108,2673,10,2405
2109,4762,0,4762
2110,1072,30,750
2111,987,0,987
2112,1140,20,912
2113,4088,0,4088
2114,4232,30,2962
2115,2262,50,1131
2116,2866,20,2292
2117,1611,20,1288
2118,503,10,452
2119,4021,40,2412
2120,3490,20,2792
2121,2063,40,1237
2122,2567,50,1283
2123,3461,10,3114
2124,4111,40,2466
2125,3892,30,2724
2126,1959,20,1567
2127,1230,0,1230
2128,1134,10,1020
2129,1655,0,1655
2130,639,40,383
2131,3032,20,2425
2132,1421,40,852
2133,3193,0,3193
2134,2276,0,2276
2135,578,20,462
2136,537,10,483
2137,2935,0,2935
2138,2541,50,1270
2139,3686,10,3317
2140,634,0,634
2141,3316,20,2652
2142,2632,30,1842
2143,1972,20,1577
2144,4360,10,3924
2145,2977,50,1488
2146,4485,20,3588
2147,527,0,527
2148,1885,0,1885
2149,2694,30,1885
2150,3231,30,2261
2151,2734,30,1913
2152,4176,40,2505
2153,1222,30,855
2154,959,20,767
2155,567,40,340
2156,3999,30,2799
2157,4458,20,3566
2158,3392,50,1696
2159,1980,40,1188
2160,2758,50,1379
2161,4701,30,3290
2162,668,10,601
2163,4081,30,2856
2164,2932,0,2932
2165,1652,20,1321
2166,2102,10,1891
2167,3039,0,3039
2168,4744,30,3320
2169,4967,50,2483
2170,4143,40,2485
2171,2658,40,1594
2172,3282,50,1641
2173,1598,10,1438
2174,2126,50,1063
2175,1690,0,1690
2176,928,30,649
2177,1419,10,1277
2178,1191,20,952
2179,4273,10,3845
2180,4039,30,2827
2181,3816,50,1908
2182,3994,30,2795
2183,1271,30,889
2184,689,20,551
2185,854,50,427
2186,3249,20,2599
2187,3783,40,2269
2188,2306,50,1153
2189,1741,50,870
2190,3099,20,2479
2191,2237,40,1342
2192,4774,0,4774
2193,1957,10,1761
2194,2973,50,1486
2195,4356,40,2613
2196,1450,40,870
2197,1041,10,936
2198,2857,30,1999
2199,3654,20,2923
2200,3195,50,1597
2201,1602,30,1121
2202,2329,10,2096
2203,2194,10,1974
2204,3422,40,2053
2205,3298,50,1649
2206,1741,0,1741
2207,2529,40,1517
2208,2584,20,2067
2209,4313,0,4313
2210,1418,0,1418
2211,1313,40,787
2212,1586,20,1268
2213,3778,20,3022
2214,2126,30,1488
2215,3549,50,1774
2216,941,30,658
2217,3634,40,2180
2218,4865,10,4378
2219,1958,10,1762
2220,3448,0,3448
2221,4425,10,3982
2222,2527,10,2274
2223,3197,10,2877
2224,2923,20,2338
2225,2231,10,2007
2226,2124,10,1911
2227,3190,40,1914
2228,2931,0,2931
2229,3646,0,3646
2230,2912,50,1456
2231,1539,0,1539
2232,3813,10,3431
2233,3695,50,1847
2234,4240,50,2120
2235,3616,30,2531
2236,535,40,321
2237,3558,20,2846
2238,4641,50,2320
2239,4044,50,2022
2240,1697,10,1527
2241,3247,40,1948
2242,2391,0,2391
2243,4649,50,2324
2244,2200,30,1540
2245,3406,10,3065
2246,809,10,728
2247,4542,10,4087
2248,4592,40,2755
2249,4211,50,2105
2250,1393,10,1253
2251,3485,10,3136
2252,1652,20,1321
2253,2309,10,2078
2254,3731,30,2611
2255,568,0,568
2256,4055,30,2838
2257,1825,50,912
2258,1222,0,1222
2259,2525,0,2525
2260,4163,40,2497
2261,1803,40,1081
2262,3290,20,2632
2263,3654,0,3654
2264,2548,20,2038
2265,4232,0,4232
2266,2930,40,1758
2267,3466,0,3466
2268,4596,40,2757
2269,606,10,545
2270,614,30,429
2271,2056,40,1233
2272,508,0,508
2273,2520,10,2268
2274,3370,40,2022
2275,2365,0,2365
2276,4380,20,3504
2277,4303,0,4303
2278,3053,50,1526
2279,2030,0,2030
2280,2857,40,1714
2281,4505,0,4505
2282,766,20,612
2283,2444,40,1466
2284,835,40,501
2285,2625,0,2625
2286,4906,0,4906
2287,3682,50,1841
2288,2808,0,2808
2289,3275,30,2292
2290,678,10,610
2291,3549,40,2129
2292,4052,0,4052
2293,1327,20,1061
2294,984,30,688
2295,511,40,306
2296,3986,50,1993
2297,3018,50,1509
2298,3562,30,2493
2299,3622,40,2173
2300,1348,30,943
2301,1398,30,978
2302,2661,20,2128
2303,4989,20,3991
2304,933,50,466
2305,2752,0,2752
2306,4763,50,2381
2307,2737,0,2737
2308,1432,20,1145
2309,741,0,741
2310,3415,20,2732
2311,697,20,557
2312,1616,20,1292
2313,1428,40,856
2314,3155,0,3155
2315,3136,0,3136
2316,3850,40,2310
2317,1542,50,771
2318,1776,50,888
2319,3025,10,2722
2320,1507,0,1507
2321,2044,0,2044
2322,1284,50,642
2323,3286,50,1643
2324,1686,30,1180
2325,3369,50,1684
2326,2197,10,1977
2327,3980,40,2388
2328,2874,50,1437
2329,919,10,827
2330,3026,10,2723
2331,1727,0,1727
2332,3281,50,1640
2333,764,30,534
2334,3718,30,2602
2335,3060,0,3060
2336,1927,40,1156
2337,2633,10,2369
2338,2886,50,1443
2339,3983,40,2389
2340,3215,20,2572
2341,2862,0,2862
2342,4524,20,3619
2343,4013,0,4013
2344,1330,10,1197
2345,800,0,800
2346,2959,50,1479
2347,4435,10,3991
2348,4550,40,2730
2349,2636,10,2372
2350,4124,20,3299
2351,2127,20,1701
2352,984,40,590
2353,2292,0,2292
2354,2360,40,1416
2355,4027,50,2013
2356,3350,0,3350
2357,726,40,435
2358,4368,20,3494
2359,4495,0,4495
2360,1573,50,786
2361,4596,0,4596
2362,982,30,687
2363,1804,20,1443
2364,1193,30,835
2365,2491,40,1494
2366,4863,10,4376
2367,562,40,337
2368,4204,20,3363
2369,1110,20,888
2370,4518,0,4518
2371,582,40,349
2372,4230,40,2538
2373,747,20,597
2374,2169,10,1952
2375,1186,20,948
2376,3799,50,1899
2377,4764,10,4287
2378,1152,40,691
2379,1366,20,1092
2380,2072,10,1864
2381,3740,0,3740
2382,1757,10,1581
2383,2734,40,1640
2384,4994,0,4994
2385,1764,0,1764
2386,1203,40,721
2387,2801,30,1960
2388,2862,30,2003
2389,4272,20,3417
2390,3004,0,3004
2391,828,30,579
2392,3865,30,2705
2393,3008,30,2105
2394,2437,0,2437
2395,3196,10,2876
2396,3688,30,2581
2397,1162,10,1045
2398,4142,30,2899
2399,1861,40,1116
2400,4544,10,4089
2401,595,50,297
2402,3638,50,1819
2403,4512,30,3158
2404,3015,30,2110
2405,3660,10,3294
2406,3734,10,3360
2407,2312,10,2080
2408,1988,20,1590
2409,653,40,391
2410,1240,50,620
2411,1425,0,1425
2412,903,20,722
2413,1281,30,896
2414,679,0,679
2415,2597,40,1558
2416,4930,50,2465
2417,3180,20,2544
2418,2699,0,2699
2419,676,40,405
2420,837,10,753
2421,1084,30,758
2422,1457,50,728
2423,4341,20,3472
2424,3531,50,1765
2425,3091,30,2163
2426,631,50,315
2427,4252,30,2976
2428,1270,40,762
2429,1151,20,920
2430,4782,20,3825
2431,607,0,607
2432,2488,20,1990
2433,2126,30,1488
2434,1897,20,1517
2435,2893,40,1735
2436,915,50,457
2437,608,10,547
2438,2674,40,1604
2439,2643,0,2643
2440,2946,50,1473
2441,2317,10,2085
2442,1801,50,900
2443,3640,40,2184
2444,3434,0,3434
2445,2070,20,1656
2446,3929,40,2357
2447,1091,40,654
2448,4104,0,4104
2449,3961,10,3564
2450,2972,30,2080
2451,1783,40,1069
2452,3675,0,3675
2453,2678,20,2142
2454,3503,0,3503
2455,1528,10,1375
2456,3363,30,2354
2457,3107,40,1864
2458,910,10,819
2459,2783,50,1391
2460,4347,10,3912
2461,1961,50,980
2462,4677,20,3741
2463,2725,30,1907
2464,3636,20,2908
2465,3036,0,3036
2466,4326,30,3028
2467,3009,0,3009
2468,1894,40,1136
2469,3374,10,3036
2470,799,10,719
2471,937,40,562
2472,3934,20,3147
2473,1356,10,1220
2474,4985,10,4486
2475,709,20,567
2476,1606,20,1284
2477,1317,0,1317
2478,3609,40,2165
2479,2299,40,1379
2480,4909,40,2945
2481,3491,0,3491
2482,3822,0,3822
2483,2678,10,2410
2484,3156,20,2524
2485,1646,0,1646
2486,3758,0,3758
2487,2442,30,1709
2488,3944,10,3549
2489,2275,20,1820
2490,2348,10,2113
2491,1768,50,884
2492,3821,40,2292
2493,1031,10,927
2494,1427,40,856
2495,3226,40,1935
2496,1494,20,1195
2497,2826,20,2260
2498,1903,0,1903
2499,940,30,658
2500,2682,10,2413
2501,2903,0,2903
2502,573,40,343
2503,3201,20,2560
2504,761,10,684
2505,3793,50,1896
2506,879,50,439
2507,4817,30,3371
2508,3583,50,1791
2509,4076,20,3260
2510,3331,30,2331
2511,1791,10,1611
2512,2426,40,1455
2513,4981,50,2490
2514,3485,0,3485
2515,3977,0,3977
2516,4310,0,4310
2517,3184,50,1592
2518,1027,10,924
2519,3368,0,3368
2520,1136,20,908
2521,4633,40,2779
2522,2478,30,1734
2523,730,40,438
2524,2723,30,1906
2525,593,50,296
2526,4649,0,4649
2527,2026,0,2026
2528,3270,20,2616
2529,3116,30,2181
2530,3966,30,2776
2531,2152,40,1291
2532,3760,10,3384
2533,3052,30,2136
2534,2188,40,1312
2535,3324,20,2659
2536,3320,40,1992
2537,1278,10,1150
2538,970,20,776
2539,4433,40,2659
2540,1076,0,1076
2541,4544,0,4544
2542,1925,30,1347
2543,764,30,534
2544,3151,40,1890
2545,3964,40,2378
2546,1894,0,1894
2547,1373,30,961
2548,2699,40,1619
2549,3425,20,2740
2550,2241,50,1120
2551,2409,30,1686
2552,4192,0,4192
2553,1531,40,918
2554,1100,10,990
2555,3740,30,2618
2556,4128,20,3302
2557,1070,10,963
2558,1516,0,1516
2559,2338,50,1169
2560,4309,20,3447
2561,4783,10,4304
2562,2966,40,1779
2563,3434,50,1717
2564,4636,30,3245
2565,1984,20,1587
2566,1886,20,1508
2567,3470,20,2776
2568,1474,30,1031
2569,1301,30,910
2570,2766,0,2766
2571,4766,20,3812
2572,1284,50,642
2573,883,30,618
2574,1564,30,1094
2575,2580,40,1548
2576,2009,30,1406
2577,3024,10,2721
2578,2679,40,1607
2579,4139,30,2897
2580,4542,0,4542
2581,3287,20,2629
2582,3142,30,2199
2583,3842,30,2689
2584,1124,40,674
2585,600,40,360
2586,1667,30,1166
2587,3492,10,3142
2588,4219,0,4219
2589,2775,50,1387
2590,2753,30,1927
2591,4634,30,3243
2592,3256,10,2930
2593,1378,30,964
2594,3383,40,2029
2595,4359,0,4359
2596,4194,50,2097
2597,2317,10,2085
2598,3517,0,3517
2599,2752,40,1651
2600,1952,30,1366
2601,4717,50,2358
2602,2070,20,1656
2603,4382,40,2629
2604,700,10,630
2605,869,0,869
2606,890,40,534
2607,4750,0,4750
2608,501,10,450
2609,4315,0,4315
2610,2627,0,2627
2611,2859,30,2001
2612,2926,20,2340
2613,4008,10,3607
2614,2946,50,1473
2615,4845,40,2907
2616,2157,20,1725
2617,4004,20,3203
2618,3238,0,3238
2619,842,30,589
2620,1293,40,775
2621,1257,30,879
2622,966,20,772
2623,4393,40,2635
2624,2249,0,2249
2625,917,40,550
2626,1729,40,1037
2627,594,50,297
2628,2791,50,1395
2629,2127,30,1488
2630,3236,40,1941
2631,3889,10,3500
2632,4050,40,2430
2633,2870,20,2296
2634,2048,0,2048
2635,2232,40,1339
2636,3520,20,2816
2637,3485,50,1742
2638,4674,40,2804
2639,2866,30,2006
2640,928,50,464
2641,1600,20,1280
2642,2609,50,1304
2643,4864,30,3404
2644,1243,30,870
2645,3151,30,2205
2646,2762,40,1657
2647,762,20,609
2648,3233,20,2586
2649,2938,50,1469
2650,4099,40,2459
2651,2839,40,1703
2652,2942,20,2353
2653,2916,20,2332
2654,2178,30,1524
2655,708,10,637
2656,1801,10,1620
2657,3878,20,3102
2658,2218,30,1552
2659,3388,0,3388
2660,1585,30,1109
2661,1375,50,687
2662,942,50,471
2663,4316,40,2589
2664,3658,20,2926
2665,1597,0,1597
2666,2016,50,1008
2667,2516,30,1761
2668,530,30,371
2669,1627,10,1464
2670,3843,30,2690
2671,4426,40,2655
2672,1228,10,1105
2673,1108,30,775
2674,4511,10,4059
2675,3838,20,3070
2676,4729,20,3783
2677,1132,30,792
2678,3731,40,2238
2679,4553,40,2731
2680,3113,30,2179
2681,2615,40,1569
2682,4659,10,4193
2683,1057,20,845
2684,1912,50,956
2685,2596,10,2336
2686,4446,50,2223
2687,2506,30,1754
2688,1050,30,735
2689,1098,40,658
2690,2728,40,1636
2691,2598,50,1299
2692,4121,40,2472
2693,1298,30,908
2694,1004,20,803
2695,2370,50,1185
2696,3606,40,2163
2697,3510,20,2808
2698,1127,20,901
2699,4621,0,4621
2700,4959,10,4463
2701,4388,20,3510
2702,4178,10,3760
2703,1635,20,1308
2704,1590,10,1431
2705,3563,20,2850
2706,3809,30,2666
2707,1584,20,1267
2708,1062,20,849
2709,2041,20,1632
2710,872,10,784
2711,2280,50,1140
2712,908,40,544
2713,1541,20,1232
2714,3370,10,3033
2715,1255,50,627
2716,4164,40,2498
2717,3144,50,1572
2718,4771,50,2385
2719,1539,10,1385
2720,2599,10,2339
2721,4817,0,4817
2722,2748,20,2198
2723,4273,0,4273
2724,3106,30,2174
2725,547,20,437
2726,2188,30,1531
2727,3297,40,1978
2728,3101,30,2170
2729,3413,30,2389
2730,3096,50,1548
2731,2625,30,1837
2732,4902,10,4411
2733,2654,40,1592
2734,1043,40,625
2735,2208,30,1545
2736,681,40,408
2737,1596,20,1276
2738,4529,30,3170
2739,3550,10,3195
2740,3084,40,1850
2741,2765,30,1935
2742,1153,0,1153
2743,1683,0,1683
2744,3586,0,3586
2745,887,10,798
2746,688,30,481
2747,2517,40,1510
2748,2358,40,1414
2749,1901,40,1140
2750,2660,20,2128
2751,4206,0,4206
2752,4150,20,3320
2753,4958,0,4958
2754,2469,50,1234
2755,2203,10,1982
2756,4407,0,4407
2757,773,50,386
2758,3009,10,2708
2759,2403,50,1201
2760,3455,50,1727
2761,2339,0,2339
2762,1934,0,1934
2763,2834,20,2267
2764,4621,0,4621
2765,971,0,971
2766,770,0,770
2767,3242,10,2917
2768,3279,40,1967
2769,601,0,601
2770,2078,50,1039
2771,1727,20,1381
2772,4856,30,3399
2773,3472,0,3472
2774,2457,20,1965
2775,1237,20,989
2776,1328,30,929
2777,3423,50,1711
2778,4251,40,2550
2779,2532,0,2532
2780,3241,20,2592
2781,1674,0,1674
2782,1292,20,1033
2783,521,0,521
2784,2277,40,1366
2785,2511,50,1255
2786,3976,0,3976
2787,1532,40,919
2788,519,20,415
2789,2125,10,1912
2790,4624,10,4161
2791,3895,50,1947
2792,520,50,260
2793,2107,30,1474
2794,4967,30,3476
2795,940,30,658
2796,4647,40,2788
2797,4268,40,2560
2798,1266,10,1139
2799,2681,20,2144
2800,4511,10,4059
2801,2256,50,1128
2802,1443,10,1298
2803,4043,0,4043
2804,1868,20,1494
2805,2422,0,2422
2806,687,10,618
2807,4473,50,2236
2808,1025,40,615
2809,784,20,627
2810,4907,0,4907
2811,4650,10,4185
2812,4085,0,4085
2813,1629,50,814
2814,2144,50,1072
2815,1094,10,984
2816,803,30,562
2817,3343,20,2674
2818,898,10,808
2819,581,20,464
2820,3634,40,2180
2821,4304,40,2582
2822,2250,10,2025
2823,4533,30,3173
2824,1409,50,704
2825,1835,0,1835
2826,4529,0,4529
2827,1503,50,751
2828,3178,20,2542
2829,861,20,688
2830,2060,40,1236
2831,671,30,469
2832,4057,50,2028
2833,1424,20,1139
2834,739,50,369
2835,1091,0,1091
2836,1874,50,937
2837,4772,0,4772
2838,653,40,391
2839,1206,10,1085
2840,2084,0,2084
2841,1755,20,1404
2842,2794,20,2235
2843,4210,30,2947
2844,3793,30,2655
2845,3314,30,2319
2846,3590,40,2154
2847,1030,30,721
2848,4818,50,2409
2849,668,10,601
2850,3344,0,3344
2851,866,0,866
2852,4735,0,4735
2853,3201,50,1600
2854,2108,20,1686
2855,3285,20,2628
2856,4308,10,3877
2857,3470,30,2429
2858,4129,30,2890
2859,1789,40,1073
2860,2729,10,2456
2861,2961,20,2368
2862,2572,10,2314
2863,2983,10,2684
2864,1798,10,1618
2865,1077,10,969
2866,2573,20,2058
2867,4029,10,3626
2868,2321,40,1392
2869,543,20,434
2870,4666,40,2799
2871,1675,10,1507
2872,2398,10,2158
2873,2067,40,1240
2874,3410,30,2387
2875,2962,20,2369
2876,1418,20,1134
2877,970,0,970
2878,4631,20,3704
2879,2646,40,1587
2880,4072,20,3257
2881,2303,20,1842
2882,878,0,878
2883,2944,40,1766
2884,4700,10,4230
2885,4146,30,2902
2886,3590,0,3590
2887,4818,30,3372
2888,3766,50,1883
2889,1909,30,1336
2890,1482,30,1037
2891,3696,10,3326
2892,3093,30,2165
2893,1365,40,819
2894,4803,50,2401
2895,1223,10,1100
2896,3891,10,3501
2897,736,50,368
2898,882,50,441
2899,1004,20,803
2900,4005,20,3204
2901,3335,0,3335
2902,1836,30,1285
2903,4273,40,2563
2904,2946,10,2651
2905,2411,20,1928
2906,2887,0,2887
2907,981,10,882
2908,4336,40,2601
2909,4730,20,3784
2910,1927,0,1927
2911,3005,40,1803
2912,4866,50,2433
2913,4794,0,4794
2914,567,40,340
2915,1383,0,1383
2916,3142,40,1885
2917,3469,40,2081
2918,1935,20,1548
2919,2413,50,1206
2920,1398,0,1398
2921,4147,30,2902
2922,1940,30,1358
2923,3722,40,2233
2924,742,50,371
2925,725,30,507
2926,1477,0,1477
2927,3250,0,3250
2928,3674,30,2571
2929,1370,40,822
2930,2187,20,1749
2931,1717,30,1201
2932,1541,50,770
2933,3254,20,2603
2934,4283,40,2569
2935,3490,20,2792
2936,2232,40,1339
2937,2518,10,2266
2938,1955,20,1564
2939,835,30,584
2940,4057,0,4057
2941,1798,10,1618
2942,4609,40,2765
2943,4910,30,3437
2944,747,50,373
2945,4099,30,2869
2946,3546,30,2482
2947,1938,10,1744
2948,1690,10,1521
2949,1060,50,530
2950,1867,30,1306
2951,4557,50,2278
2952,850,20,680
2953,4589,50,2294
2954,1816,50,908
2955,4173,10,3755
2956,1077,10,969
2957,1945,30,1361
2958,4580,50,2290
2959,3629,50,1814
2960,4295,0,4295
2961,3947,0,3947
2962,1389,30,972
2963,2670,20,2136
2964,1708,30,1195
2965,2295,40,1377
2966,810,40,486
2967,3966,40,2379
2968,2343,30,1640
2969,1850,0,1850
2970,4491,50,2245
2971,795,10,715
2972,3144,20,2515
2973,813,40,487
2974,2046,0,2046
2975,3629,20,2903
2976,2752,30,1926
2977,734,50,367
2978,2315,40,1389
2979,4683,20,3746
2980,1665,0,1665
2981,1244,40,746
2982,3507,10,3156
2983,1961,20,1568
2984,1044,20,835
2985,1594,10,1434
2986,4142,50,2071
2987,3530,20,2824
2988,1321,30,924
2989,4635,40,2781
2990,2672,20,2137
2991,1735,40,1041
2992,3277,50,1638
2993,4760,50,2380
2994,3326,0,3326
2995,3042,30,2129
2996,1320,0,1320
2997,512,30,358
2998,3836,40,2301
2999,4091,30,2863
3000,3684,40,2210
3001,4949,40,2969
3002,4313,10,3881
3003,3997,50,1998
3004,1670,30,1169
3005,4048,30,2833
3006,628,40,376
3007,2873,0,2873
3008,4791,0,4791
3009,1320,50,660
3010,2619,0,2619
3011,3196,50,1598
3012,2307,10,2076
3013,1930,30,1351
3014,3615,30,2530
3015,4037,20,3229
3016,4460,10,4014
3017,2402,50,1201
3018,1676,40,1005
3019,691,10,621
3020,4110,30,2877
3021,500,30,350
3022,1604,20,1283
3023,4095,10,3685
3024,4760,30,3332
3025,1446,10,1301
3026,1889,20,1511
3027,2980,40,1788
3028,3391,40,2034
3029,3350,40,2010
3030,1056,30,739
3031,1168,20,934
3032,4032,40,2419
3033,3047,10,2742
3034,2363,40,1417
3035,2107,0,2107
3036,1059,10,953
3037,4459,30,3121
3038,3514,20,2811
3039,1377,0,1377
3040,4838,0,4838
3041,1137,0,1137
3042,4434,50,2217
3043,1910,20,1528
3044,957,20,765
3045,1338,50,669
3046,574,30,401
3047,2473,20,1978
3048,507,20,405
3049,4080,10,3672
3050,2077,20,1661
3051,1313,10,1181
3052,675,30,472
3053,3876,0,3876
3054,2683,0,2683
3055,2316,30,1621
3056,3956,10,3560
3057,3097,10,2787
3058,1824,30,1276
3059,2695,10,2425
3060,954,50,477
3061,4885,50,2442
3062,959,50,479
3063,1482,20,1185
3064,3796,50,1898
3065,2821,40,1692
3066,4761,50,2380
3067,1640,20,1312
3068,604,30,422
3069,1023,0,1023
3070,3375,40,2025
3071,4896,50,2448
3072,1376,50,688
3073,4365,30,3055
3074,3825,0,3825
3075,2641,20,2112
3076,1650,30,1155
3077,4717,30,3301
3078,1860,40,1116
3079,2337,30,1635
3080,2469,50,1234
3081,2549,0,2549
3082,871,40,522
3083,1629,20,1303
3084,4651,0,4651
3085,3870,50,1935
3086,4594,20,3675
3087,4357,0,4357
3088,2813,40,1687
3089,3793,20,3034
3090,3148,30,2203
3091,4892,10,4402
3092,2883,40,1729
3093,4316,30,3021
3094,1341,10,1206
3095,3123,20,2498
3096,3250,40,1950
3097,3519,10,3167
3098,512,40,307
3099,3507,10,3156
3100,4825,0,4825
3101,2786,0,2786
3102,1902,10,1711
3103,1788,20,1430
3104,4236,20,3388
3105,1759,30,1231
3106,3443,40,2065
3107,3105,50,1552
3108,2308,30,1615
3109,4621,40,2772
3110,723,30,506
3111,1640,40,984
3112,1972,10,1774
3113,3482,30,2437
3114,1748,20,1398
3115,4437,40,2662
3116,636,20,508
3117,4871,30,3409
3118,2493,30,1745
3119,3480,10,3132
3120,538,0,538
3121,723,20,578
3122,1633,40,979
3123,3341,50,1670
3124,3258,30,2280
3125,1354,50,677
3126,1596,20,1276
3127,1693,10,1523
3128,888,0,888
3129,2043,0,2043
3130,1261,50,630
3131,3685,40,2211
3132,2936,40,1761
3133,3831,40,2298
3134,3499,30,2449
3135,1822,20,1457
3136,4214,10,3792
3137,1424,0,1424
3138,4826,30,3378
3139,671,50,335
3140,3706,40,2223
3141,2415,20,1932
3142,1931,20,1544
3143,1641,0,1641
3144,3987,30,2790
3145,2124,20,1699
3146,1883,0,1883
3147,2738,50,1369
3148,530,10,477
3149,2455,50,1227
3150,4185,20,3348
3151,4685,20,3748
3152,4443,0,4443
3153,4408,40,2644
3154,2155,30,1508
3155,1240,0,1240
3156,4137,10,3723
3157,3736,20,2988
3158,785,20,628
3159,2661,40,1596
3160,2367,40,1420
3161,3481,40,2088
3162,1040,0,1040
3163,4831,20,3864
3164,2163,50,1081
3165,4400,50,2200
3166,1171,20,936
3167,2038,10,1834
3168,940,0,940
3169,3885,50,1942
3170,2607,30,1824
3171,1324,20,1059
3172,3366,30,2356
3173,4394,10,3954
3174,1257,50,628
3175,2453,50,1226
3176,3712,20,2969
3177,1770,50,885
3178,1292,50,646
3179,1617,30,1131
3180,4247,30,2972
3181,1482,10,1333
3182,4409,0,4409
3183,1493,30,1045
3184,1822,40,1093
3185,3534,0,3534
3186,1303,40,781
3187,1627,40,976
3188,3272,0,3272
3189,660,0,660
3190,4484,50,2242
3191,1908,40,1144
3192,4412,30,3088
3193,3522,20,2817
3194,3860,10,3474
3195,3847,40,2308
3196,2707,20,2165
3197,4587,30,3210
3198,1154,30,807
3199,3315,40,1989
3200,1398,30,978
3201,3770,50,1885
3202,3821,20,3056
3203,1671,0,1671
3204,4503,50,2251
3205,2457,50,1228
3206,1843,0,1843
3207,3221,30,2254
3208,1201,10,1080
3209,3133,50,1566
3210,2610,40,1566
3211,3369,20,2695
3212,1622,30,1135
3213,3455,30,2418
3214,1196,10,1076
3215,4478,40,2686
3216,3771,30,2639
3217,531,20,424
3218,1103,0,1103
3219,3418,30,2392
3220,2008,30,1405
3221,975,50,487
3222,4776,50,2388
3223,2101,0,2101
3224,622,20,497
3225,2920,40,1752
3226,2185,30,1529
3227,3218,30,2252
3228,3787,20,3029
3229,761,30,532
3230,2416,50,1208
3231,1351,20,1080
3232,2184,50,1092
3233,3252,10,2926
3234,4811,50,2405
3235,2806,30,1964
3236,4268,50,2134
3237,3924,50,1962
3238,1056,40,633
3239,533,50,266
3240,2120,0,2120
3241,3854,40,2312
3242,4950,10,4455
3243,2674,40,1604
3244,2852,10,2566
3245,1571,50,785
3246,1240,50,620
3247,2785,10,2506
3248,657,0,657
3249,1060,30,742
3250,3603,50,1801
3251,2520,50,1260
3252,3510,20,2808
3253,3131,20,2504
3254,1411,30,987
3255,3570,30,2499
3256,3072,20,2457
3257,3656,20,2924
3258,2413,40,1447
3259,3919,50,1959
3260,1320,30,923
3261,3003,40,1801
3262,4004,50,2002
3263,3430,20,2744
3264,3775,0,3775
3265,3970,20,3176
3266,994,20,795
3267,1215,50,607
3268,1206,20,964
3269,2803,0,2803
3270,4179,40,2507
3271,1958,30,1370
3272,3106,0,3106
3273,667,20,533
3274,2611,20,2088
3275,609,0,609
3276,2754,0,2754
3277,1742,50,871
3278,3814,20,3051
3279,3102,20,2481
3280,615,20,492
3281,1269,30,888
3282,4937,40,2962
3283,1562,40,937
3284,3776,0,3776
3285,4533,20,3626
3286,2634,40,1580
3287,2781,40,1668
3288,2345,20,1876
3289,3354,0,3354
3290,3026,30,2118
3291,657,0,657
3292,4484,0,4484
3293,2504,40,1502
3294,4002,20,3201
3295,3825,0,3825
3296,798,20,638
3297,2488,40,1492
3298,1730,40,1038
3299,660,20,528
3300,3239,10,2915
3301,4984,50,2492
3302,1328,50,664
3303,4484,40,2690
3304,1568,20,1254
3305,1533,10,1379
3306,2111,40,1266
3307,1877,30,1313
3308,3596,0,3596
3309,4161,40,2496
3310,4489,50,2244
3311,2232,30,1562
3312,3178,50,1589
3313,1448,20,1158
3314,3157,20,2525
3315,3723,10,3350
3316,3161,50,1580
3317,4079,10,3671
3318,4451,40,2670
3319,2874,50,1437
3320,2282,50,1141
3321,3983,10,3584
3322,2374,0,2374
3323,1215,0,1215
3324,622,40,373
3325,3409,0,3409
3326,1285,0,1285
3327,3953,0,3953
3328,3585,10,3226
3329,1886,10,1697
3330,1622,40,973
3331,858,10,772
3332,2094,0,2094
3333,2231,50,1115
3334,3447,50,1723
3335,1957,30,1369
3336,1663,30,1164
3337,2654,50,1327
3338,2850,10,2565
3339,1002,0,1002
3340,2844,50,1422
3341,2150,40,1290
3342,4335,50,2167
3343,2560,40,1536
3344,4218,10,3796
3345,3340,50,1670
3346,2409,10,2168
3347,732,30,512
3348,3447,40,2068
3349,4670,50,2335
3350,656,30,459
3351,1639,10,1475
3352,508,10,457
3353,4548,30,3183
3354,1210,50,605
3355,3606,40,2163
3356,2590,50,1295
3357,568,20,454
3358,3640,50,1820
3359,3836,10,3452
3360,1440,10,1296
3361,1140,40,684
3362,1030,20,824
3363,794,20,635
3364,3855,30,2698
3365,1712,40,1027
3366,934,50,467
3367,4869,30,3408
3368,4924,50,2462
3369,2922,30,2045
3370,596,40,357
3371,1258,10,1132
3372,869,50,434
3373,3680,40,2208
3374,2922,10,2629
3375,4911,40,2946
3376,1599,50,799
3377,1965,20,1572
3378,1559,40,935
3379,4987,10,4488
3380,585,0,585
3381,4435,50,2217
3382,1169,10,1052
3383,4096,30,2867
3384,1444,40,866
3385,3892,20,3113
3386,1749,30,1224
3387,2698,0,2698
3388,4712,20,3769
3389,4328,50,2164
3390,1259,30,881
3391,1469,0,1469
3392,1533,10,1379
3393,4219,30,2953
3394,2962,40,1777
3395,2033,0,2033
3396,4842,0,4842
3397,500,0,500
3398,3534,10,3180
3399,1609,20,1287
3400,2743,20,2194
3401,2103,0,2103
3402,1734,50,867
3403,4446,50,2223
3404,4244,40,2546
3405,799,50,399
3406,1181,50,590
3407,906,40,543
3408,3281,50,1640
3409,3135,10,2821
3410,4290,10,3861
3411,922,40,553
3412,1651,50,825
3413,3064,30,2144
3414,4832,50,2416
3415,1778,10,1600
3416,4720,50,2360
3417,2165,50,1082
3418,548,0,548
3419,3731,0,3731
3420,981,20,784
3421,2217,20,1773
3422,2691,10,2421
3423,2186,40,1311
3424,3323,10,2990
3425,2620,20,2096
3426,1631,50,815
3427,3418,20,2734
3428,2932,40,1759
3429,2998,40,1798
3430,1469,10,1322
3431,1008,20,806
3432,2223,50,1111
3433,542,10,487
3434,3999,30,2799
3435,3460,40,2076
3436,2200,30,1540
3437,3972,30,2780
3438,1258,40,754
3439,1985,40,1191
3440,2163,30,1514
3441,1544,40,926
3442,4092,10,3682
3443,4567,10,4110
3444,4789,0,4789
3445,3392,20,2713
3446,4669,0,4669
3447,1266,30,886
3448,1124,50,562
3449,3887,50,1943
3450,4432,0,4432
3451,4519,10,4067
3452,859,10,773
3453,4690,10,4221
3454,1153,40,691
3455,2285,10,2056
3456,965,20,772
3457,1272,20,1017
3458,3844,50,1922
3459,1935,30,1354
3460,667,40,400
3461,3475,50,1737
3462,3274,10,2946
3463,1490,50,745
3464,2276,40,1365
3465,845,10,760
3466,1605,30,1123
3467,570,40,342
3468,4013,0,4013
3469,2743,50,1371
3470,3712,0,3712
3471,822,20,657
3472,1782,50,891
3473,2549,10,2294
3474,1128,50,564
3475,4776,30,3343
3476,3025,30,2117
3477,4658,0,4658
3478,4747,40,2848
3479,2082,10,1873
3480,1315,40,789
3481,1338,20,1070
3482,2273,30,1591
3483,1994,0,1994
3484,4045,50,2022
3485,1989,20,1591
3486,592,50,296
3487,4930,30,3451
3488,1972,40,1183
3489,2170,30,1519
3490,1365,40,819
3491,1977,10,1779
3492,938,40,562
3493,2631,0,2631
3494,2559,40,1535
3495,3455,50,1727
3496,3158,20,2526
3497,3919,10,3527
3498,2673,10,2405
3499,1239,20,991
3500,4332,50,2166
3501,4628,0,4628
3502,3544,40,2126
3503,4819,30,3373
3504,3988,50,1994
3505,1465,10,1318
3506,2573,20,2058
3507,1600,30,1120
3508,4027,50,2013
3509,2950,0,2950
3510,3554,10,3198
3511,809,30,566
3512,1782,10,1603
3513,3648,30,2553
3514,645,30,451
3515,1016,10,914
3516,2527,50,1263
3517,1790,30,1253
3518,2051,40,1230
3519,1609,50,804
3520,1814,20,1451
3521,2936,10,2642
3522,1022,0,1022
3523,3446,20,2756
3524,1073,30,751
3525,4950,50,2475
3526,3174,50,1587
3527,2564,0,2564
3528,3674,30,2571
3529,873,30,611
3530,3401,10,3060
3531,2370,40,1422
3532,2928,30,2049
3533,1281,40,768
3534,2252,20,1801
3535,3989,10,3590
3536,2865,20,2292
3537,1730,30,1211
3538,4968,20,3974
3539,4959,50,2479
3540,1207,50,603
3541,650,50,325
3542,2290,30,1603
3543,4917,20,3933
3544,4522,40,2713
3545,3739,50,1869
3546,3217,50,1608
3547,1649,40,989
3548,840,0,840
3549,1813,50,906
3550,2724,30,1906
3551,4698,10,4228
3552,2131,0,2131
3553,4444,40,2666
3554,2564,30,1794
3555,4521,50,2260
3556,743,40,445
3557,2830,10,2547
3558,2512,40,1507
3559,2207,30,1544
3560,3770,0,3770
3561,4760,40,2856
3562,833,0,833
3563,1293,10,1163
3564,3024,20,2419
3565,4619,40,2771
3566,1739,10,1565
3567,1210,40,726
3568,3624,50,1812
3569,1628,30,1139
3570,3457,0,3457
3571,4251,50,2125
3572,2710,10,2439
3573,3594,50,1797
3574,1210,10,1089
3575,1694,30,1185
3576,1162,20,929
3577,1615,40,969
3578,4233,10,3809
3579,2032,20,1625
3580,2454,10,2208
3581,2019,20,1615
3582,4774,30,3341
3583,2866,20,2292
3584,3983,0,3983
3585,4286,30,3000
3586,3707,30,2594
3587,3490,40,2094
3588,3359,20,2687
3589,4817,50,2408
3590,986,0,986
3591,545,30,381
3592,2271,30,1589
3593,3745,10,3370
3594,869,50,434
3595,2713,40,1627
3596,3936,40,2361
3597,4435,10,3991
3598,1699,0,1699
3599,4779,50,2389
3600,1413,20,1130
3601,3176,20,2540
3602,1184,20,947
3603,4539,30,3177
3604,1039,40,623
3605,1378,40,826
3606,1751,40,1050
3607,2513,0,2513
3608,4160,40,2496
3609,1268,50,634
3610,2917,20,2333
3611,2234,30,1563
3612,4101,20,3280
3613,2478,50,1239
3614,4205,10,3784
3615,509,10,458
3616,4806,30,3364
3617,2537,30,1775
3618,4115,30,2880
3619,2193,50,1096
3620,1158,50,579
3621,2306,30,1614
3622,3469,40,2081
3623,4802,0,4802
3624,1916,40,1149
3625,4477,20,3581
3626,4331,20,3464
3627,517,40,310
3628,4056,20,3244
3629,1328,0,1328
3630,3961,0,3961
3631,1760,40,1056
3632,922,20,737
3633,836,10,752
3634,4425,40,2655
3635,1266,20,1012
3636,4679,0,4679
3637,1025,40,615
3638,2490,30,1743
3639,3896,0,3896
3640,1702,10,1531
3641,1081,20,864
3642,4069,50,2034
3643,2577,20,2061
3644,3825,10,3442
3645,3791,30,2653
3646,4318,0,4318
3647,2587,50,1293
3648,2876,0,2876
3649,2434,10,2190
3650,703,30,492
3651,2326,50,1163
3652,2909,0,2909
3653,3485,10,3136
3654,1140,10,1026
3655,4741,50,2370
3656,4359,40,2615
3657,3662,50,1831
3658,968,20,774
3659,4772,30,3340
3660,4203,50,2101
3661,888,40,532
3662,4216,30,2951
3663,3963,30,2774
3664,1764,0,1764
3665,4869,20,3895
3666,2249,0,2249
3667,2811,0,2811
3668,4078,50,2039
3669,2515,50,1257
3670,3819,20,3055
3671,1224,0,1224
3672,2119,40,1271
3673,3943,30,2760
3674,2374,20,1899
3675,582,30,407
3676,690,0,690
3677,1879,30,1315
3678,4859,30,3401
3679,1244,20,995
3680,2310,0,2310
3681,3317,0,3317
3682,2805,30,1963
3683,1598,40,958
3684,3085,10,2776
3685,2544,20,2035
3686,1850,50,925
3687,1199,50,599
3688,2109,20,1687
3689,3483,10,3134
3690,4331,0,4331
3691,1636,20,1308
3692,865,30,605
3693,2854,50,1427
3694,2760,20,2208
3695,618,10,556
3696,4708,0,4708
3697,817,50,408
3698,3860,40,2316
3699,4145,30,2901
3700,2849,0,2849
3701,2958,40,1774
3702,1495,50,747
3703,2084,20,1667
3704,4399,20,3519
3705,4610,20,3688
3706,3444,10,3099
3707,2407,30,1684
3708,1405,40,843
3709,3149,40,1889
3710,798,10,718
3711,1410,30,986
3712,2391,40,1434
3713,2303,30,1612
3714,3434,10,3090
3715,2415,10,2173
3716,4821,10,4338
3717,1262,50,631
3718,1579,40,947
3719,4441,30,3108
3720,4792,30,3354
3721,3230,10,2907
3722,1463,20,1170
3723,715,50,357
3724,2887,40,1732
3725,3764,10,3387
3726,4442,0,4442
3727,2580,30,1805
3728,949,40,569
3729,3844,0,3844
3730,4107,40,2464
3731,3984,20,3187
3732,1589,0,1589
3733,3958,20,3166
3734,2982,50,1491
3735,2711,40,1626
3736,2423,30,1696
3737,1624,10,1461
3738,745,30,521
3739,2586,40,1551
3740,760,20,608
3741,1639,0,1639
3742,4613,20,3690
3743,1082,40,649
3744,4818,10,4336
3745,2134,0,2134
3746,1790,50,895
3747,3760,0,3760
3748,3414,0,3414
3749,4801,20,3840
3750,2198,0,2198
3751,4916,10,4424
3752,2034,50,1017
3753,4452,10,4006
3754,1454,30,1017
3755,3824,10,3441
3756,3038,30,2126
3757,1074,30,751
3758,3701,40,2220
3759,676,20,540
3760,1667,50,833
3761,3642,40,2185
3762,3892,50,1946
3763,3651,20,2920
3764,4845,30,3391
3765,2588,10,2329
3766,2085,50,1042
3767,2842,30,1989
3768,915,20,732
3769,563,0,563
3770,4748,50,2374
3771,2071,30,1449
3772,2872,20,2297
3773,1763,40,1057
3774,2588,50,1294
3775,783,20,626
3776,1359,20,1087
3777,4651,30,3255
3778,1041,30,728
3779,748,0,748
3780,554,20,443
3781,3187,10,2868
3782,3956,30,2769
3783,536,10,482
3784,2630,10,2367
3785,2513,50,1256
3786,4197,40,2518
3787,4540,20,3632
3788,1276,20,1020
3789,4600,50,2300
3790,2471,20,1976
3791,2974,10,2676
3792,1379,30,965
3793,4045,50,2022
3794,1269,30,888
3795,3669,40,2201
3796,4200,20,3360
3797,3453,30,2417
3798,3524,40,2114
3799,2799,0,2799
3800,4710,30,3297
3801,2297,10,2067
3802,1604,0,1604
3803,3416,20,2732
3804,3969,10,3572
3805,3222,10,2899
3806,3983,50,1991
3807,4532,10,4078
3808,1701,30,1190
3809,2496,10,2246
3810,516,40,309
3811,2920,20,2336
3812,2908,10,2617
3813,2644,30,1850
3814,4115,40,2469
3815,2902,30,2031
3816,4673,50,2336
3817,3757,30,2629
3818,2233,10,2009
3819,1826,30,1278
3820,1318,0,1318
3821,4180,40,2508
3822,2361,50,1180
3823,1194,40,716
3824,758,0,758
3825,2156,30,1509
3826,1060,30,742
3827,3785,50,1892
3828,4108,50,2054
3829,4194,10,3774
3830,2476,30,1733
3831,2356,30,1649
3832,690,30,482
3833,4347,10,3912
3834,1632,20,1305
3835,2571,10,2313
3836,2195,30,1536
3837,2592,0,2592
3838,2871,0,2871
3839,875,10,787
3840,1121,0,1121
3841,704,30,492
3842,1328,40,796
3843,961,10,864
3844,3079,40,1847
3845,4805,30,3363
3846,1251,0,1251
3847,1267,30,886
3848,2848,10,2563
3849,2717,40,1630
3850,2012,40,1207
3851,2492,0,2492
3852,905,10,814
3853,807,0,807
3854,3327,0,3327
3855,4083,50,2041
3856,2383,30,1668
3857,3726,20,2980
3858,1595,30,1116
3859,604,30,422
3860,1596,30,1117
3861,994,50,497
3862,3602,50,1801
3863,4069,50,2034
3864,4051,30,2835
3865,1905,0,1905
3866,773,40,463
3867,791,30,553
3868,1835,20,1468
3869,3000,20,2400
3870,2249,40,1349
3871,2169,10,1952
3872,2042,0,2042
3873,3744,40,2246
3874,3363,30,2354
3875,3635,20,2908
3876,2735,50,1367
3877,2956,30,2069
3878,3229,20,2583
3879,1885,20,1508
3880,3874,50,1937
3881,1722,40,1033
3882,2557,50,1278
3883,1607,40,964
3884,2183,0,2183
3885,4077,20,3261
3886,4622,30,3235
3887,1174,50,587
3888,3091,40,1854
3889,3760,40,2256
3890,3676,50,1838
3891,3480,20,2784
3892,4566,30,3196
3893,1675,0,1675
3894,1433,20,1146
3895,2450,30,1715
3896,4818,40,2890
3897,767,0,767
3898,992,10,892
3899,1877,30,1313
3900,2686,0,2686
3901,4469,20,3575
3902,4844,50,2422
3903,3517,50,1758
3904,1448,10,1303
3905,2284,20,1827
3906,3220,40,1932
3907,1763,0,1763
3908,655,0,655
3909,1732,30,1212
3910,3552,20,2841
3911,2546,30,1782
3912,4328,30,3029
3913,705,20,564
3914,3225,0,3225
3915,1136,30,795
3916,4707,0,4707
3917,2207,30,1544
3918,1761,0,1761
3919,1082,40,649
3920,670,0,670
3921,4847,10,4362
3922,3442,40,2065
3923,916,0,916
3924,500,20,400
3925,3829,0,3829
3926,505,50,252
3927,1974,30,1381
3928,1311,20,1048
3929,3015,20,2412
3930,3645,30,2551
3931,1470,30,1029
3932,3410,10,3069
3933,1016,40,609
3934,1410,50,705
3935,938,20,750
3936,2910,30,2036
3937,2178,10,1960
3938,1082,10,973
3939,4571,20,3656
3940,4803,0,4803
3941,1200,10,1080
3942,1785,10,1606
3943,4643,10,4178
3944,904,20,723
3945,3094,20,2475
3946,2172,0,2172
3947,1498,40,898
3948,4619,30,3233
3949,2585,20,2068
3950,3674,0,3674
3951,2186,30,1530
3952,3924,50,1962
3953,3370,40,2022
3954,2018,0,2018
3955,1731,40,1038
3956,4940,40,2964
3957,4424,50,2212
3958,3156,40,1893
3959,3734,10,3360
3960,508,40,304
3961,3493,40,2095
3962,1741,20,1392
3963,3468,30,2427
3964,3096,40,1857
3965,3627,40,2176
3966,2455,30,1718
3967,4665,0,4665
3968,2509,30,1756
3969,1824,20,1459
3970,1186,50,593
3971,2425,10,2182
3972,1503,50,751
3973,3452,40,2071
3974,3177,20,2541
3975,4341,10,3906
3976,3381,50,1690
3977,2433,50,1216
3978,2863,50,1431
3979,3331,20,2664
3980,2649,50,1324
3981,3980,40,2388
3982,4902,10,4411
3983,2706,40,1623
3984,854,40,512
3985,1678,20,1342
3986,3170,10,2853
3987,2500,0,2500
3988,4719,30,3303
3989,1154,20,923
3990,4983,20,3986
3991,4716,50,2358
3992,972,0,972
3993,2528,50,1264
3994,2190,30,1533
3995,1320,10,1188
3996,2099,20,1679
3997,621,40,372
3998,2322,50,1161
3999,2739,50,1369
4000,4795,20,3836
4001,3792,20,3033
4002,3533,40,2119
4003,1793,20,1434
4004,1959,50,979
4005,880,0,880
4006,2220,0,2220
4007,4624,0,4624
4008,4500,0,4500
4009,3046,0,3046
4010,4384,20,3507
4011,762,30,533
4012,3738,0,3738
4013,1519,30,1063
4014,2865,30,2005
4015,626,40,375
4016,1078,50,539
4017,1862,50,931
4018,3054,20,2443
4019,4004,50,2002
4020,4834,20,3867
4021,4145,30,2901
4022,2090,20,1672
4023,1620,30,1134
4024,2969,20,2375
4025,1053,40,631
4026,4186,30,2930
4027,2275,30,1592
4028,4634,20,3707
4029,2573,20,2058
4030,2808,10,2527
4031,3115,0,3115
4032,654,10,588
4033,1282,20,1025
4034,2810,10,2529
4035,815,20,652
4036,4461,50,2230
4037,1461,20,1168
4038,1585,30,1109
4039,1586,40,951
4040,2247,0,2247
4041,4977,20,3981
4042,832,20,665
4043,2034,20,1627
4044,3688,0,3688
4045,1314,10,1182
4046,4610,50,2305
4047,3760,40,2256
4048,1852,10,1666
4049,2834,20,2267
4050,2865,20,2292
4051,1818,30,1272
4052,3279,0,3279
4053,3625,30,2537
4054,1505,10,1354
4055,942,0,942
4056,4696,40,2817
4057,3088,10,2779
4058,3731,20,2984
4059,4082,0,4082
4060,4236,0,4236
4061,3520,0,3520
4062,3229,30,2260
4063,2041,30,1428
4064,4032,0,4032
4065,4282,40,2569
4066,718,0,718
4067,4054,0,4054
4068,1317,10,1185
4069,1289,40,773
4070,3895,40,2337
4071,577,20,461
4072,1439,40,863
4073,2285,30,1599
4074,4943,30,3460
4075,2396,20,1916
4076,4537,40,2722
4077,531,20,424
4078,680,10,612
4079,4911,30,3437
4080,616,10,554
4081,2971,40,1782
4082,2518,20,2014
4083,3687,30,2580
4084,4301,0,4301
4085,1022,20,817
4086,2378,40,1426
4087,4737,30,3315
4088,1652,40,991
4089,3971,50,1985
4090,4944,10,4449
4091,738,30,516
4092,679,20,543
4093,1398,30,978
4094,3122,0,3122
4095,4940,0,4940
4096,1430,30,1000
4097,4833,30,3383
4098,1455,40,873
4099,1359,40,815
4100,2287,20,1829
4101,3726,20,2980
4102,1120,40,672
4103,4208,40,2524
4104,3282,30,2297
4105,4682,10,4213
4106,1499,40,899
4107,2490,20,1992
4108,2000,50,1000
4109,4561,30,3192
4110,965,30,675
4111,4068,20,3254
4112,1096,10,986
4113,3162,0,3162
4114,2018,30,1412
4115,4159,20,3327
4116,1654,10,1488
4117,2744,0,2744
4118,4318,30,3022
4119,3015,0,3015
4120,963,30,674
4121,2584,40,1550
4122,4614,50,2307
4123,2389,40,1433
4124,2529,0,2529
4125,4246,20,3396
4126,4687,0,4687
4127,1275,30,892
4128,4039,40,2423
4129,951,30,665
4130,3662,0,3662
4131,2907,20,2325
4132,4431,10,3987
4133,3076,50,1538
4134,2361,10,2124
4135,2076,30,1453
4136,4500,40,2700
4137,2415,40,1449
4138,4904,40,2942
4139,3615,20,2892
4140,4763,20,3810
4141,1343,40,805
4142,716,10,644
4143,4716,10,4244
4144,2472,20,1977
4145,733,50,366
4146,2313,30,1619
4147,1098,20,878
4148,572,0,572
4149,2942,30,2059
4150,1101,20,880
4151,534,20,427
4152,970,0,970
4153,1937,30,1355
4154,1678,0,1678
4155,2954,10,2658
4156,3754,20,3003
4157,1470,50,735
4158,2088,10,1879
4159,2276,50,1138
4160,3297,20,2637
4161,3546,30,2482
4162,3981,10,3582
4163,1865,10,1678
4164,1097,20,877
4165,3636,20,2908
4166,3561,10,3204
4167,3836,10,3452
4168,2262,20,1809
4169,4136,0,4136
4170,2352,30,1646
4171,1799,10,1619
4172,4865,10,4378
4173,4645,0,4645
4174,2816,10,2534
4175,1309,20,1047
4176,3684,20,2947
4177,4854,0,4854
4178,2916,0,2916
4179,3273,10,2945
4180,4393,40,2635
4181,3506,0,3506
4182,2625,10,2362
4183,4198,10,3778
4184,4184,30,2928
4185,711,50,355
4186,4852,0,4852
4187,3345,50,1672
4188,4596,10,4136
4189,3634,50,1817
4190,3903,0,3903
4191,3826,20,3060
4192,3907,30,2734
4193,2790,0,2790
4194,1087,40,652
4195,3274,20,2619
4196,4840,20,3872
4197,1323,10,1190
4198,3626,20,2900
4199,2919,30,2043
4200,2608,0,2608
4201,998,10,898
4202,2342,40,1405
4203,4528,40,2716
4204,3892,20,3113
4205,2518,30,1762
4206,4372,20,3497
4207,1363,20,1090
4208,4525,40,2715
4209,4322,20,3457
4210,1270,40,762
4211,1838,20,1470
4212,2022,30,1415
4213,3229,40,1937
4214,791,30,553
4215,3231,20,2584
4216,612,10,550
4217,2119,20,1695
4218,1897,50,948
4219,4926,30,3448
4220,804,50,402
4221,4907,40,2944
4222,3536,40,2121
4223,2481,0,2481
4224,2175,50,1087
4225,1195,10,1075
4226,3556,0,3556
4227,1425,0,1425
4228,4525,40,2715
4229,1207,20,965
4230,3331,0,3331
4231,1604,40,962
4232,1759,50,879
4233,4166,30,2916
4234,1429,0,1429
4235,2134,20,1707
4236,2375,20,1900
4237,2988,40,1792
4238,3082,10,2773
4239,1168,20,934
4240,4181,10,3762
4241,4919,20,3935
4242,4715,0,4715
4243,670,10,603
4244,3281,30,2296
4245,904,20,723
4246,3435,20,2748
4247,4890,30,3423
4248,2529,0,2529
4249,1945,10,1750
4250,4863,20,3890
4251,4034,0,4034
4252,2731,40,1638
4253,1465,10,1318
4254,4663,50,2331
4255,1846,0,1846
4256,3961,10,3564
4257,4437,10,3993
4258,3706,40,2223
4259,3164,30,2214
4260,1749,50,874
4261,2417,0,2417
4262,624,40,374
4263,2973,40,1783
4264,1575,50,787
4265,1554,20,1243
4266,4483,0,4483
4267,3069,10,2762
4268,4641,30,3248
4269,3002,10,2701
4270,664,20,531
4271,3883,10,3494
4272,3761,50,1880
4273,1049,20,839
4274,698,30,488
4275,4314,10,3882
4276,3245,0,3245
4277,2619,50,1309
4278,4310,0,4310
4279,3370,40,2022
4280,4708,50,2354
4281,3021,10,2718
4282,3572,10,3214
4283,2914,0,2914
4284,1475,40,885
4285,965,20,772
4286,4497,20,3597
4287,4669,10,4202
4288,2524,30,1766
4289,1799,50,899
4290,3750,50,1875
4291,1565,40,939
4292,2018,20,1614
4293,2310,50,1155
4294,3668,0,3668
4295,1961,40,1176
4296,633,50,316
4297,1356,50,678
4298,4409,40,2645
4299,713,0,713
4300,2428,20,1942
4301,3148,50,1574
4302,2756,50,1378
4303,4055,10,3649
4304,2705,20,2164
4305,3755,10,3379
4306,2207,50,1103
4307,1198,20,958
4308,1589,30,1112
4309,1987,0,1987
4310,2692,40,1615
4311,4760,30,3332
4312,3507,10,3156
4313,2266,40,1359
4314,940,0,940
4315,2935,10,2641
4316,2097,20,1677
4317,2550,30,1785
4318,4872,10,4384
4319,844,30,590
4320,820,0,820
4321,3087,10,2778
4322,4367,40,2620
4323,4336,30,3035
4324,2692,30,1884
4325,2353,40,1411
4326,4144,40,2486
4327,1239,50,619
4328,2053,10,1847
4329,4258,0,4258
4330,2901,30,2030
4331,1735,20,1388
4332,4812,40,2887
4333,2039,0,2039
4334,3838,20,3070
4335,3244,20,2595
4336,1217,10,1095
4337,3282,40,1969
4338,2324,10,2091
4339,4015,0,4015
4340,2788,30,1951
4341,1869,0,1869
4342,4628,0,4628
4343,532,40,319
4344,4320,0,4320
4345,3179,30,2225
4346,590,50,295
4347,4822,10,4339
4348,4427,50,2213
4349,4720,0,4720
4350,4937,20,3949
4351,4920,50,2460
4352,1646,40,987
4353,1913,0,1913
4354,1406,30,984
4355,3692,40,2215
4356,1358,40,814
4357,3021,20,2416
4358,3274,10,2946
4359,666,30,466
4360,2014,0,2014
4361,1914,50,957
4362,3327,0,3327
4363,1996,10,1796
4364,2646,0,2646
4365,1959,20,1567
4366,4691,40,2814
4367,981,50,490
4368,1289,40,773
4369,2853,40,1711
4370,4558,20,3646
4371,3878,20,3102
4372,3414,10,3072
4373,4227,50,2113
4374,3575,0,3575
4375,1310,40,786
4376,3199,50,1599
4377,1011,50,505
4378,1634,40,980
4379,3946,10,3551
4380,1340,40,804
4381,4105,20,3284
4382,4477,30,3133
4383,4314,20,3451
4384,2444,50,1222
4385,1836,10,1652
4386,2978,20,2382
4387,2521,20,2016
4388,4517,30,3161
4389,4583,30,3208
4390,3872,20,3097
4391,1035,40,621
4392,1462,30,1023
4393,769,20,615
4394,964,40,578
4395,2024,30,1416
4396,3946,0,3946
4397,748,50,374
4398,1996,10,1796
4399,2459,50,1229
4400,3503,10,3152
4401,3837,20,3069
4402,4739,0,4739
4403,3161,10,2844
4404,4839,50,2419
4405,2323,40,1393
4406,2489,30,1742
4407,804,20,643
4408,2871,50,1435
4409,4831,30,3381
4410,4002,50,2001
4411,983,30,688
4412,1797,20,1437
4413,4068,20,3254
4414,3968,0,3968
4415,3235,0,3235
4416,1371,10,1233
4417,784,10,705
4418,3912,40,2347
4419,2009,30,1406
4420,617,20,493
4421,638,40,382
4422,555,20,444
4423,3085,10,2776
4424,987,40,592
4425,1775,0,1775
4426,1820,40,1092
4427,2315,30,1620
4428,2661,0,2661
4429,4159,0,4159
4430,2903,10,2612
4431,803,40,481
4432,2193,0,2193
4433,1397,20,1117
4434,4948,30,3463
4435,4560,40,2736
4436,2132,20,1705
4437,961,20,768
4438,2401,50,1200
4439,1918,20,1534
4440,1909,30,1336
4441,3290,10,2961
4442,3219,50,1609
4443,3285,30,2299
4444,3898,50,1949
4445,3465,0,3465
4446,2454,50,1227
4447,3539,30,2477
4448,4234,40,2540
4449,3149,0,3149
4450,4608,50,2304
4451,622,50,311
4452,4001,30,2800
4453,4171,0,4171
4454,1815,40,1089
4455,4557,50,2278
4456,1584,10,1425
4457,1506,50,753
4458,4703,0,4703
4459,937,10,843
4460,1769,0,1769
4461,4202,50,2101
4462,776,50,388
4463,4031,40,2418
4464,2404,40,1442
4465,1021,10,918
4466,1786,50,893
4467,2433,20,1946
4468,3315,0,3315
4469,2558,30,1790
4470,2495,20,1996
4471,3002,30,2101
4472,1324,20,1059
4473,3467,50,1733
4474,2964,10,2667
4475,2938,40,1762
4476,3725,50,1862
4477,537,10,483
4478,1822,50,911
4479,2862,30,2003
4480,4076,20,3260
4481,3881,30,2716
4482,2809,0,2809
4483,1467,50,733
4484,1758,0,1758
4485,577,20,461
4486,1792,50,896
4487,4586,0,4586
4488,3133,0,3133
4489,697,50,348
4490,1412,20,1129
4491,4267,30,2986
4492,2979,30,2085
4493,3583,20,2866
4494,1314,30,919
4495,971,10,873
4496,2119,30,1483
4497,3724,10,3351
4498,2911,10,2619
4499,4058,40,2434
4500,1712,20,1369
4501,2704,50,1352
4502,4004,0,4004
4503,3384,20,2707
4504,1928,10,1735
4505,4073,50,2036
4506,1739,30,1217
4507,3951,30,2765
4508,4688,20,3750
4509,2519,50,1259
4510,3320,40,1992
4511,1400,0,1400
4512,1355,30,948
4513,1495,40,897
4514,3636,40,2181
4515,1290,20,1032
4516,3768,40,2260
4517,1513,20,1210
4518,3468,40,2080
4519,2134,40,1280
4520,968,20,774
4521,1158,50,579
4522,4109,30,2876
4523,2870,0,2870
4524,4328,30,3029
4525,1097,50,548
4526,2982,30,2087
4527,1454,20,1163
4528,3472,30,2430
4529,2673,50,1336
4530,2773,0,2773
4531,3966,50,1983
4532,3244,0,3244
4533,1412,20,1129
4534,4070,50,2035
4535,4147,10,3732
4536,4968,0,4968
4537,4319,10,3887
4538,4853,40,2911
4539,1531,50,765
4540,2653,0,2653
4541,1478,50,739
4542,2366,50,1183
4543,4380,10,3942
4544,2827,10,2544
4545,529,10,476
4546,2200,40,1320
4547,2769,10,2492
4548,4558,50,2279
4549,612,10,550
4550,1353,40,811
4551,3953,50,1976
4552,4341,30,3038
4553,3387,10,3048
4554,1409,0,1409
4555,639,40,383
4556,4866,50,2433
4557,4742,10,4267
4558,2695,10,2425
4559,3987,30,2790
4560,1033,40,619
4561,826,10,743
4562,2542,20,2033
4563,2379,10,2141
4564,1194,50,597
4565,2764,0,2764
4566,1131,40,678
4567,4762,50,2381
4568,2305,20,1844
4569,3057,0,3057
4570,1503,40,901
4571,569,20,455
4572,904,20,723
4573,1796,10,1616
4574,4039,40,2423
4575,1591,20,1272
4576,3683,50,1841
4577,1920,0,1920
4578,968,50,484
4579,948,30,663
4580,3895,50,1947
4581,1904,20,1523
4582,3308,30,2315
4583,592,30,414
4584,4371,20,3496
4585,3672,10,3304
4586,701,30,490
4587,4584,30,3208
4588,2094,30,1465
4589,759,50,379
4590,3419,10,3077
4591,901,0,901
4592,1189,20,951
4593,4590,0,4590
4594,3865,10,3478
4595,1323,20,1058
4596,4966,40,2979
4597,2236,20,1788
4598,2509,20,2007
4599,4861,0,4861
4600,4278,0,4278
4601,2958,40,1774
4602,3620,50,1810
4603,626,40,375
4604,544,50,272
4605,1464,30,1024
4606,2398,40,1438
4607,2490,40,1494
4608,3880,20,3104
4609,2982,40,1789
4610,4151,10,3735
4611,1014,40,608
4612,2507,50,1253
4613,3849,30,2694
4614,4569,30,3198
4615,4607,0,4607
4616,581,20,464
4617,1730,20,1384
4618,2212,10,1990
4619,4036,30,2825
4620,2183,40,1309
4621,2970,50,1485
4622,3014,30,2109
4623,3059,50,1529
4624,862,40,517
4625,2687,20,2149
4626,2615,0,2615
4627,3709,50,1854
4628,1146,0,1146
4629,1484,20,1187
4630,1831,50,915
4631,3558,40,2134
4632,4766,10,4289
4633,1995,30,1396
4634,617,30,431
4635,881,50,440
4636,4982,40,2989
4637,2019,20,1615
4638,4565,30,3195
4639,1294,10,1164
4640,1962,30,1373
4641,3560,10,3204
4642,1790,20,1432
4643,2142,0,2142
4644,1851,20,1480
4645,4768,40,2860
4646,1093,30,765
4647,576,20,460
4648,2753,30,1927
4649,2172,10,1954
4650,2833,20,2266
4651,2666,40,1599
4652,1494,0,1494
4653,3390,20,2712
4654,2380,50,1190
4655,4730,40,2838
4656,2564,40,1538
4657,958,0,958
4658,677,30,473
4659,1159,50,579
4660,3173,50,1586
4661,3160,30,2212
4662,1182,40,709
4663,625,10,562
4664,1833,40,1099
4665,4480,30,3136
4666,4993,10,4493
4667,4895,10,4405
4668,3155,10,2839
4669,2580,50,1290
4670,4200,30,2940
4671,2215,0,2215
4672,3125,50,1562
4673,515,10,463
4674,666,0,666
4675,3220,40,1932
4676,3765,10,3388
4677,2531,20,2024
4678,1935,20,1548
4679,2194,20,1755
4680,3212,20,2569
4681,2542,30,1779
4682,2426,10,2183
4683,3110,20,2488
4684,4202,0,4202
4685,4657,40,2794
4686,2712,10,2440
4687,1621,50,810
4688,4064,10,3657
4689,3478,40,2086
4690,1377,10,1239
4691,2382,30,1667
4692,1186,0,1186
4693,4763,10,4286
4694,1395,30,976
4695,1981,0,1981
4696,813,10,731
4697,4333,10,3899
4698,2667,10,2400
4699,1798,40,1078
4700,826,50,413
4701,904,0,904
4702,1540,20,1232
4703,4992,10,4492
4704,2890,20,2312
4705,4480,10,4032
4706,1075,10,967
4707,4399,40,2639
4708,2363,50,1181
4709,2303,40,1381
4710,2184,10,1965
4711,1048,10,943
4712,3507,0,3507
4713,3435,50,1717
4714,2343,40,1405
4715,543,30,380
4716,1284,40,770
4717,3668,20,2934
4718,1584,50,792
4719,3768,40,2260
4720,4229,30,2960
4721,644,0,644
4722,3329,40,1997
4723,4804,40,2882
4724,3403,50,1701
4725,1041,40,624
4726,2477,30,1733
4727,2655,20,2124
4728,539,10,485
4729,2017,20,1613
4730,3683,0,3683
4731,4744,30,3320
4732,2294,40,1376
4733,1145,30,801
4734,1146,10,1031
4735,2634,0,2634
4736,1900,10,1710
4737,1936,30,1355
4738,1062,50,531
4739,4839,20,3871
4740,4125,20,3300
4741,3759,30,2631
4742,4215,10,3793
4743,4839,10,4355
4744,2765,40,1659
4745,662,40,397
4746,4814,0,4814
4747,4182,20,3345
4748,960,50,480
4749,1760,50,880
4750,672,30,470
4751,1437,10,1293
4752,674,30,471
4753,3828,30,2679
4754,4526,0,4526
4755,2735,10,2461
4756,4490,50,2245
4757,1963,10,1766
4758,2377,10,2139
4759,4312,50,2156
4760,1100,40,660
4761,3614,40,2168
4762,3343,40,2005
4763,2921,10,2628
4764,2048,10,1843
4765,4187,30,2930
4766,4731,50,2365
4767,3147,40,1888
4768,2903,30,2032
4769,2473,30,1731
4770,2151,20,1720
4771,1029,40,617
4772,3857,30,2699
4773,1820,50,910
4774,4469,50,2234
4775,3066,10,2759
4776,1403,50,701
4777,921,0,921
4778,4832,10,4348
4779,843,40,505
4780,2540,50,1270
4781,1075,20,860
4782,596,20,476
4783,2626,40,1575
4784,4497,10,4047
4785,3180,10,2862
4786,2446,0,2446
4787,2113,10,1901
4788,3231,10,2907
4789,2601,40,1560
4790,3003,10,2702
4791,2631,40,1578
4792,1069,0,1069
4793,4199,30,2939
4794,2571,0,2571
4795,2666,10,2399
4796,4545,30,3181
4797,2944,50,1472
4798,1094,50,547
4799,1321,10,1188
4800,2082,20,1665
4801,3838,30,2686
4802,3809,50,1904
4803,3462,20,2769
4804,2097,10,1887
4805,975,10,877
4806,2666,30,1866
4807,659,30,461
4808,4668,20,3734
4809,3262,0,3262
4810,1636,0,1636
4811,2156,40,1293
4812,4312,40,2587
4813,3721,50,1860
4814,3269,30,2288
4815,4864,50,2432
4816,4918,40,2950
4817,2381,20,1904
4818,702,30,491
4819,3290,10,2961
4820,2932,30,2052
4821,2286,0,2286
4822,963,50,481
4823,2260,10,2034
4824,1035,30,724
4825,3825,10,3442
4826,2073,10,1865
4827,1290,50,645
4828,2396,10,2156
4829,1799,10,1619
4830,1963,20,1570
4831,2014,20,1611
4832,4201,50,2100
4833,2669,30,1868
4834,2503,0,2503
4835,2712,40,1627
4836,4580,20,3664
4837,626,10,563
4838,909,40,545
4839,2326,50,1163
4840,2160,20,1728
4841,1609,10,1448
4842,1950,30,1365
4843,2368,0,2368
4844,2823,20,2258
4845,4706,0,4706
4846,4902,50,2451
4847,1682,20,1345
4848,1220,10,1098
4849,1468,50,734
4850,4097,50,2048
4851,896,20,716
4852,4827,20,3861
4853,1993,30,1395
4854,3474,20,2779
4855,4392,10,3952
4856,741,10,666
4857,4787,30,3350
4858,2359,50,1179
4859,3323,50,1661
4860,1867,50,933
4861,934,0,934
4862,1312,30,918
4863,851,20,680
4864,4842,30,3389
4865,3169,50,1584
4866,756,50,378
4867,3800,40,2280
4868,964,20,771
4869,1166,10,1049
4870,1680,10,1512
4871,4497,0,4497
4872,2853,30,1997
4873,4611,50,2305
4874,4438,0,4438
4875,626,50,313
4876,1404,40,842
4877,2709,0,2709
4878,2767,30,1936
4879,2721,40,1632
4880,3259,10,2933
4881,1925,0,1925
4882,2708,10,2437
4883,4484,0,4484
4884,2598,20,2078
4885,1936,20,1548
4886,3097,50,1548
4887,860,30,602
4888,2630,50,1315
4889,2803,30,1962
4890,987,30,690
4891,2021,10,1818
4892,2352,30,1646
4893,623,40,373
4894,2926,50,1463
4895,3694,10,3324
4896,4190,30,2933
4897,1904,30,1332
4898,2759,0,2759
4899,2787,10,2508
4900,4116,10,3704
4901,1149,0,1149
4902,648,40,388
4903,3037,0,3037
4904,4082,50,2041
4905,3624,20,2899
4906,708,40,424
4907,4238,20,3390
4908,4457,30,3119
4909,3883,10,3494
4910,2932,50,1466
4911,3877,10,3489
4912,3845,10,3460
4913,3971,10,3573
4914,3837,0,3837
4915,4572,20,3657
4916,4237,50,2118
4917,795,50,397
4918,3109,30,2176
4919,1746,10,1571
4920,4580,30,3206
4921,4719,40,2831
4922,2240,20,1792
4923,4028,10,3625
4924,1425,50,712
4925,932,20,745
4926,1981,30,1386
4927,2007,50,1003
4928,4186,30,2930
4929,2931,50,1465
4930,4467,0,4467
4931,2371,10,2133
4932,4386,10,3947
4933,756,30,529
4934,4491,30,3143
4935,3670,10,3303
4936,551,20,440
4937,1810,20,1448
4938,803,50,401
4939,1400,30,979
4940,4486,50,2243
4941,2202,0,2202
4942,1674,30,1171
4943,4952,0,4952
4944,1392,10,1252
4945,3673,0,3673
4946,4981,40,2988
4947,3866,0,3866
4948,4591,10,4131
4949,2922,40,1753
4950,3315,10,2983
4951,1447,10,1302
4952,4673,30,3271
4953,2522,40,1513
4954,2513,40,1507
4955,3429,10,3086
4956,2585,50,1292
4957,2574,40,1544
4958,4622,30,3235
4959,2841,10,2556
4960,3835,0,3835
4961,1437,0,1437
4962,2613,10,2351
4963,4675,30,3272
4964,1959,0,1959
4965,2488,40,1492
4966,872,50,436
4967,4429,10,3986
4968,3930,20,3144
4969,2203,30,1542
4970,849,0,849
4971,2991,40,1794
4972,593,10,533
4973,4578,50,2289
4974,4426,10,3983
4975,3901,40,2340
4976,2093,50,1046
4977,4084,40,2450
4978,4296,10,3866
4979,4594,20,3675
4980,1094,0,1094
4981,983,10,884
4982,2464,30,1724
4983,1882,50,941
4984,1367,40,820
4985,2421,50,1210
4986,1137,10,1023
4987,1026,10,923
4988,1677,40,1006
4989,588,0,588
4990,4847,10,4362
4991,3705,50,1852
4992,2626,0,2626
4993,3287,20,2629
4994,2517,10,2265
4995,2142,0,2142
4996,971,40,582
4997,2911,40,1746
4998,1107,30,774
4999,2449,0,2449
5000,3551,50,1775
