product_id,avg_rating,review_count
1,4.9,1531
2,1.5,972
3,1.6,1651
4,2.7,1397
5,4.7,1534
6,2.7,957
7,3.2,787
8,1.9,133
9,4.0,707
10,3.6,1867
11,2.9,435
12,4.4,1215
13,1.9,227
14,2.4,609
15,2.6,1285
16,4.8,412
17,2.3,299
18,1.8,1732
19,2.6,1939
20,4.5,1986
21,2.3,1115
22,2.7,1169
23,3.2,142
24,3.8,1129
25,1.5,607
26,3.8,1296
27,2.5,1439
28,1.9,1621
29,3.4,832
30,2.0,1689
31,4.2,1048
32,3.6,540
33,1.6,1435
34,4.0,753
35,3.0,1981
36,4.1,539
37,3.0,1573
38,3.8,786
39,1.5,1464
40,2.4,1890
41,2.3,210
42,3.5,384
43,4.3,801
44,2.1,965
45,4.9,1643
46,4.1,1078
47,3.9,1598
48,4.6,1790
49,4.4,358
50,4.7,692
51,1.5,1643
52,3.3,240
53,3.7,504
54,4.7,1089
55,4.4,837
56,2.9,586
57,4.6,1615
58,4.0,500
59,4.6,1866
60,4.9,261
61,3.9,525
62,2.6,459
63,1.9,78
64,2.2,1323
65,1.9,269
66,4.6,181
67,2.2,953
68,3.6,1668
69,3.1,1848
70,2.2,1747
71,4.1,197
72,2.4,798
73,1.9,915
74,4.6,338
75,2.7,1501
76,4.4,1555
77,3.3,1552
78,4.7,1374
79,4.2,48
80,3.8,130
81,4.9,458
82,2.8,1307
83,4.4,1695
84,4.4,374
85,3.5,658
86,3.4,1567
87,3.1,624
88,3.2,1846
89,4.3,1911
90,1.9,1708
91,1.6,1037
92,4.5,391
93,2.1,1328
94,3.3,1575
95,4.3,1470
96,3.9,376
97,4.2,1750
98,1.6,162
99,1.7,278
100,4.3,253
101,3.8,1673
102,3.1,1580
103,1.5,1395
104,3.7,873
105,3.1,137
106,3.5,1400
107,4.6,1144
108,2.8,1945
109,2.6,1346
110,4.4,1152
111,4.1,970
112,2.8,617
113,2.9,1572
114,4.5,1624
115,4.0,1698
116,3.6,890
117,3.1,1922
118,4.8,1939
119,4.0,1448
120,3.6,941
121,1.6,435
122,4.5,1212
123,1.9,1072
124,3.4,320
125,2.1,702
126,1.5,1572
127,4.8,1942
128,3.2,1784
129,2.9,1766
130,2.4,1923
131,4.1,1653
132,3.4,1179
133,3.3,217
134,2.7,1046
135,4.0,689
136,2.4,1655
137,2.7,1346
138,4.4,829
139,2.4,527
140,4.5,290
141,1.6,1416
142,3.4,936
143,1.6,789
144,2.1,619
145,2.8,1380
146,4.0,1319
147,3.9,61
148,4.1,763
149,2.8,1618
150,5.0,1000
151,2.6,976
152,4.2,1315
153,2.7,1070
154,4.8,1933
155,2.1,1388
156,3.3,470
157,2.1,677
158,2.3,163
159,2.5,189
160,1.5,951
161,4.4,373
162,4.1,47
163,2.3,561
164,4.0,878
165,3.1,1607
166,3.8,1525
167,3.5,1828
168,4.2,1831
169,4.3,893
170,2.5,1950
171,2.3,1685
172,3.6,1800
173,2.8,572
174,4.5,365
175,2.2,318
176,1.6,1091
177,4.0,134
178,4.2,710
179,2.9,16
180,1.9,41
181,4.0,784
182,1.9,150
183,3.9,378
184,3.5,1826
185,1.6,1265
186,4.2,1144
187,2.8,1794
188,2.6,1817
189,3.6,1143
190,2.5,1042
191,2.9,1380
192,2.7,427
193,3.1,849
194,4.6,1377
195,3.9,1504
196,4.5,1021
197,1.9,644
198,4.2,338
199,3.7,1377
200,4.2,246
201,3.7,1189
202,4.6,534
203,2.0,1895
204,3.7,354
205,3.1,1392
206,3.4,403
207,3.7,701
208,1.8,485
209,2.3,1895
210,3.2,69
211,4.8,1482
212,3.6,857
213,4.1,1764
214,4.7,1794
215,1.7,1393
216,4.1,1420
217,4.0,687
218,3.7,1334
219,3.1,1519
220,4.0,800
221,3.9,1519
222,3.1,1249
223,4.8,294
224,2.9,1143
225,4.0,877
226,4.7,9
227,4.0,951
228,4.0,379
229,3.9,1258
230,4.0,401
231,2.1,816
232,3.9,1925
233,3.2,1123
234,4.7,1902
235,3.4,16
236,4.2,1559
237,4.0,1508
238,4.2,870
239,2.3,628
240,3.7,1549
241,2.1,1592
242,4.2,948
243,2.7,682
244,2.9,1447
245,4.8,932
246,3.1,1577
247,3.4,1043
248,4.6,1001
249,3.7,1449
250,2.8,1940
251,4.0,1674
252,1.5,1274
253,2.6,1378
254,4.7,1050
255,4.6,1034
256,2.0,1210
257,2.5,889
258,3.3,638
259,4.4,61
260,2.6,758
261,3.1,1397
262,5.0,1782
263,2.8,1946
264,4.2,1213
265,2.1,1630
266,4.3,1705
267,4.9,1811
268,1.6,427
269,3.0,763
270,3.5,1256
271,3.0,335
272,4.7,1281
273,3.3,968
274,4.7,1284
275,2.1,562
276,4.1,1599
277,4.5,1550
278,2.4,241
279,4.7,937
280,1.9,1743
281,1.5,571
282,4.1,211
283,3.0,560
284,2.2,1907
285,3.9,1845
286,5.0,827
287,3.5,401
288,3.7,645
289,1.7,203
290,4.9,1960
291,4.5,1894
292,2.5,1783
293,4.6,1158
294,4.8,1261
295,2.9,582
296,4.6,786
297,2.8,479
298,1.6,430
299,3.8,1567
300,4.3,933
301,4.3,375
302,3.4,1141
303,4.7,1622
304,4.8,523
305,1.5,1064
306,2.8,471
307,3.1,1538
308,2.6,1824
309,2.4,722
310,4.2,1491
311,4.1,180
312,4.7,1840
313,3.9,863
314,3.6,582
315,1.8,1581
316,4.8,1018
317,1.7,1931
318,2.4,1283
319,2.4,442
320,1.9,991
321,2.1,370
322,3.1,1256
323,3.5,524
324,2.2,692
325,4.5,1416
326,3.4,1208
327,3.6,520
328,3.8,1533
329,4.2,374
330,4.4,457
331,3.6,1833
332,1.7,522
333,4.6,446
334,3.3,1994
335,3.8,410
336,2.8,1912
337,2.3,1354
338,2.2,542
339,2.9,1352
340,4.0,932
341,4.0,1709
342,2.3,1878
343,3.1,1063
344,3.4,1447
345,4.9,1907
346,3.7,1205
347,3.4,1484
348,2.4,1054
349,1.7,234
350,3.6,322
351,2.8,1573
352,2.2,1365
353,3.5,445
354,2.9,248
355,2.4,326
356,2.7,1308
357,4.4,1064
358,3.0,388
359,2.5,1619
360,1.7,741
361,4.7,1173
362,1.6,188
363,4.5,1674
364,4.0,27
365,3.1,373
366,1.5,94
367,4.9,712
368,4.8,578
369,3.8,906
370,4.6,373
371,4.6,1872
372,2.4,824
373,3.8,1798
374,4.3,1648
375,3.0,12
376,4.0,1486
377,2.0,306
378,4.3,1064
379,4.8,537
380,3.4,426
381,2.6,242
382,4.6,1623
383,4.3,1291
384,2.9,1932
385,3.6,1935
386,1.6,338
387,3.8,1771
388,2.6,1841
389,3.7,29
390,3.0,813
391,4.0,1443
392,2.8,366
393,3.4,1984
394,2.2,374
395,3.6,1388
396,4.6,1298
397,1.9,1624
398,4.5,1872
399,2.1,1026
400,2.7,27
401,4.9,174
402,4.8,1546
403,2.4,1637
404,4.8,987
405,1.6,1757
406,2.4,922
407,2.1,864
408,4.1,215
409,3.6,341
410,3.1,1200
411,4.9,1913
412,2.3,175
413,3.8,337
414,4.5,1854
415,4.2,1570
416,3.2,426
417,4.0,1403
418,2.3,1005
419,1.5,1744
420,4.2,1723
421,2.0,1884
422,2.1,1176
423,3.7,1183
424,2.6,351
425,3.7,67
426,3.3,141
427,4.4,54
428,2.5,1084
429,1.9,1931
430,2.5,1947
431,4.2,649
432,1.7,370
433,2.0,751
434,1.5,1212
435,4.9,838
436,4.5,1759
437,3.5,1032
438,2.1,937
439,3.6,1041
440,2.4,1898
441,3.1,1614
442,2.4,456
443,4.3,985
444,1.6,1253
445,1.6,204
446,3.2,1650
447,2.0,695
448,1.7,558
449,2.2,1652
450,4.1,204
451,2.6,502
452,4.0,331
453,4.0,963
454,3.3,1622
455,3.9,557
456,3.0,12
457,2.7,1643
458,3.0,296
459,2.5,808
460,4.2,851
461,1.6,1731
462,1.9,22
463,3.4,507
464,2.5,1863
465,4.5,1511
466,3.9,762
467,2.7,1955
468,3.2,1990
469,4.4,1280
470,2.5,1323
471,2.4,1233
472,3.7,1180
473,1.5,1226
474,2.8,1997
475,4.3,1059
476,2.2,1733
477,2.7,1453
478,1.9,1441
479,2.3,1582
480,2.1,905
481,2.8,1748
482,2.6,531
483,4.8,1880
484,3.4,905
485,3.3,97
486,3.0,634
487,2.9,889
488,3.8,434
489,2.9,1775
490,1.7,997
491,4.7,1771
492,3.4,86
493,2.9,1295
494,3.3,1357
495,2.8,1217
496,3.2,1837
497,2.3,463
498,3.0,233
499,2.7,923
500,2.1,181
501,4.6,22
502,5.0,1950
503,2.5,1462
504,2.7,561
505,4.7,590
506,4.6,786
507,2.1,818
508,3.1,114
509,1.8,615
510,4.9,1079
511,4.0,797
512,2.3,827
513,4.2,838
514,4.5,590
515,2.6,247
516,1.9,216
517,3.5,1958
518,1.8,1935
519,2.5,1825
520,2.0,1303
521,3.5,1135
522,1.9,135
523,4.5,286
524,4.9,279
525,4.2,1470
526,3.0,771
527,2.1,1828
528,4.6,1906
529,3.1,225
530,1.9,1766
531,2.9,1904
532,2.6,496
533,3.0,1536
534,4.7,1085
535,2.3,280
536,3.8,1115
537,1.7,990
538,1.9,1361
539,4.5,1870
540,2.9,1726
541,4.7,355
542,4.0,504
543,3.7,1363
544,4.8,1912
545,1.9,1019
546,3.6,1633
547,3.7,1855
548,4.7,919
549,3.6,1041
550,3.3,894
551,3.5,1431
552,3.6,750
553,1.9,169
554,2.2,1785
555,4.0,40
556,1.6,1056
557,3.3,200
558,3.2,1819
559,1.7,1565
560,2.4,1389
561,3.8,1990
562,2.4,1015
563,4.4,1531
564,1.5,1874
565,3.2,25
566,3.1,685
567,1.7,1706
568,4.1,1446
569,1.5,1448
570,3.2,1413
571,2.2,1804
572,4.7,510
573,4.5,1380
574,2.3,533
575,1.7,1140
576,3.4,1579
577,1.7,521
578,3.9,689
579,4.4,552
580,3.5,963
581,3.7,980
582,4.8,659
583,2.3,1108
584,4.9,212
585,1.6,1515
586,3.2,1288
587,2.6,582
588,2.3,921
589,4.2,1364
590,2.4,947
591,1.8,775
592,4.4,1345
593,1.6,494
594,3.1,1130
595,4.2,1247
596,2.1,37
597,3.2,1684
598,3.2,481
599,4.5,1498
600,3.6,677
601,2.2,1841
602,4.4,913
603,4.4,147
604,4.2,1021
605,2.7,516
606,3.2,543
607,3.6,1172
608,3.5,826
609,1.6,1152
610,4.5,1186
611,4.8,1345
612,2.9,60
613,2.8,1760
614,4.4,666
615,2.1,1846
616,2.4,1270
617,4.0,1256
618,3.3,1906
619,2.4,1426
620,2.8,1320
621,3.3,815
622,2.5,1134
623,1.7,982
624,4.5,1537
625,3.8,1006
626,4.9,912
627,2.4,1179
628,4.8,1847
629,4.7,736
630,2.0,46
631,2.6,1863
632,3.2,1517
633,2.5,1434
634,4.3,1870
635,2.0,924
636,2.7,865
637,3.2,1215
638,3.8,335
639,3.0,876
640,1.7,1236
641,3.7,1391
642,4.8,1626
643,3.2,1127
644,3.3,674
645,2.0,649
646,2.4,238
647,4.0,493
648,3.0,698
649,2.6,1301
650,4.5,1389
651,2.4,554
652,3.3,289
653,4.7,899
654,1.6,443
655,4.3,119
656,4.0,923
657,3.2,1704
658,3.6,1337
659,1.5,176
660,2.4,1872
661,2.4,1387
662,1.6,304
663,3.8,1150
664,1.7,1171
665,1.9,886
666,3.7,807
667,2.6,494
668,3.2,952
669,3.7,467
670,2.0,315
671,3.0,159
672,2.4,1312
673,3.2,1589
674,3.0,858
675,2.8,1857
676,3.3,1525
677,3.2,769
678,2.8,167
679,3.4,1047
680,2.9,1439
681,1.9,1381
682,3.4,841
683,2.5,1232
684,3.3,535
685,3.4,648
686,3.7,57
687,2.9,928
688,1.9,911
689,3.9,1466
690,4.5,1611
691,5.0,1933
692,1.7,495
693,2.4,1131
694,4.0,1578
695,1.8,1633
696,1.9,293
697,3.0,619
698,2.0,1992
699,2.2,581
700,2.9,1377
701,2.5,864
702,2.8,334
703,4.0,1651
704,3.7,1890
705,1.7,505
706,2.5,836
707,1.9,421
708,2.7,819
709,2.6,1639
710,3.8,1000
711,4.9,1054
712,3.6,1333
713,3.9,1273
714,4.8,1150
715,1.8,385
716,2.0,880
717,3.7,1412
718,2.7,392
719,2.9,1866
720,3.7,1564
721,2.6,456
722,3.9,479
723,3.2,1485
724,2.5,1791
725,4.7,1714
726,2.5,1715
727,4.4,614
728,3.6,682
729,4.0,734
730,4.2,1328
731,1.9,1539
732,3.9,1409
733,2.1,758
734,2.0,1763
735,3.7,1225
736,3.8,93
737,2.2,741
738,3.0,886
739,2.6,514
740,4.3,1001
741,2.5,851
742,3.2,1975
743,3.1,473
744,3.5,50
745,2.7,1809
746,4.6,1416
747,1.6,1776
748,3.1,1855
749,2.1,621
750,3.4,1219
751,3.2,1560
752,4.5,1495
753,3.7,299
754,5.0,379
755,4.0,1455
756,3.4,903
757,2.2,1884
758,3.9,1490
759,3.4,1652
760,2.2,1907
761,2.0,1046
762,2.5,1504
763,2.8,1293
764,3.7,1618
765,2.7,1494
766,3.4,1080
767,4.5,1250
768,2.0,1814
769,2.9,1799
770,2.7,42
771,2.0,1950
772,3.3,368
773,1.8,1884
774,4.6,1571
775,1.6,817
776,4.1,949
777,2.2,482
778,2.1,1458
779,4.0,1447
780,4.9,308
781,2.1,252
782,2.3,1383
783,1.7,1449
784,1.7,1165
785,4.6,427
786,1.9,1587
787,3.9,804
788,4.1,1556
789,4.7,33
790,4.6,24
791,2.9,1651
792,3.2,1250
793,4.8,1131
794,4.3,392
795,2.9,1072
796,3.2,314
797,2.9,34
798,4.3,359
799,2.8,279
800,3.3,479
801,3.3,656
802,2.0,189
803,4.1,1538
804,1.6,1387
805,1.7,1256
806,3.1,1205
807,2.2,929
808,2.7,1806
809,3.5,1597
810,2.8,1848
811,1.8,1873
812,1.5,732
813,3.5,1015
814,4.4,1433
815,4.4,745
816,3.6,666
817,3.4,664
818,1.7,969
819,4.1,1321
820,3.1,1246
821,3.3,1894
822,3.5,917
823,3.8,802
824,2.8,489
825,3.3,797
826,2.1,1926
827,4.9,219
828,4.3,1227
829,3.6,1647
830,2.9,1590
831,1.7,941
832,3.3,1737
833,3.3,982
834,1.6,1886
835,2.9,1270
836,4.9,736
837,4.9,462
838,4.6,1469
839,1.6,563
840,4.1,591
841,3.8,1214
842,2.9,741
843,4.7,221
844,1.5,1403
845,1.6,465
846,2.2,1737
847,3.9,1026
848,3.5,1164
849,2.7,787
850,4.6,798
851,2.5,606
852,3.5,1700
853,3.8,275
854,4.0,1556
855,2.3,102
856,2.0,1319
857,2.8,1688
858,4.1,1444
859,4.2,306
860,4.7,0
861,3.7,104
862,4.8,867
863,1.7,786
864,2.3,395
865,5.0,1106
866,4.3,711
867,2.9,1345
868,2.4,1460
869,2.3,1426
870,2.2,755
871,4.4,258
872,2.3,715
873,3.7,724
874,2.8,1038
875,4.7,1926
876,3.0,608
877,3.2,1148
878,3.3,216
879,2.5,27
880,3.0,701
881,2.3,26
882,3.8,1074
883,4.7,148
884,4.4,1151
885,1.6,1076
886,4.1,96
887,1.8,624
888,3.4,1709
889,3.0,1389
890,2.9,760
891,3.4,1058
892,1.7,886
893,2.4,1185
894,3.1,185
895,4.0,1883
896,3.3,507
897,4.4,1603
898,3.6,377
899,3.1,182
900,4.7,1255
901,3.2,1682
902,3.8,549
903,4.8,622
904,2.3,559
905,3.3,755
906,1.6,1650
907,4.1,15
908,2.4,898
909,2.1,886
910,2.4,311
911,4.3,1388
912,1.5,918
913,3.8,1256
914,4.3,502
915,3.3,580
916,2.1,30
917,3.0,1811
918,3.2,1648
919,1.7,1399
920,4.0,922
921,3.0,1754
922,4.1,679
923,4.8,610
924,2.6,1703
925,3.5,186
926,3.0,3
927,2.6,1021
928,3.6,558
929,3.7,912
930,2.3,114
931,4.3,1067
932,3.8,204
933,3.3,844
934,4.9,655
935,4.0,856
936,4.6,1100
937,3.8,1896
938,3.9,1329
939,2.7,1971
940,4.8,455
941,1.7,144
942,3.9,1574
943,2.2,1590
944,4.1,1255
945,4.7,1990
946,2.2,818
947,2.8,274
948,2.2,645
949,2.1,181
950,3.1,1425
951,2.6,1606
952,1.7,1076
953,4.1,30
954,1.6,1285
955,3.6,1258
956,3.2,159
957,3.2,401
958,2.6,1671
959,4.0,948
960,3.7,1187
961,1.6,772
962,4.2,96
963,3.3,1980
964,4.2,358
965,4.9,1901
966,4.0,1338
967,2.6,1117
968,3.1,67
969,2.0,1473
970,2.4,359
971,2.5,1823
972,3.6,284
973,3.5,1803
974,2.6,1044
975,5.0,1599
976,2.5,1518
977,3.4,1875
978,2.5,1785
979,2.1,1110
980,4.3,1797
981,2.8,1782
982,4.8,1500
983,4.7,247
984,3.7,768
985,4.9,688
986,4.3,863
987,4.3,883
988,3.4,1922
989,4.4,249
990,4.8,356
991,3.8,1311
992,3.5,1695
993,1.9,269
994,4.2,1810
995,4.0,1529
996,4.0,239
997,3.8,938
998,2.2,267
999,4.5,1847
1000,2.4,368
1001,3.3,1073
1002,4.1,1558
1003,2.1,1062
1004,5.0,1257
1005,2.9,499
1006,1.9,1200
1007,4.7,117
1008,4.1,241
1009,3.3,1056
1010,4.7,1355
1011,3.5,852
1012,2.7,1678
1013,2.5,1337
1014,2.8,1096
1015,4.4,1813
1016,1.8,857
1017,3.3,1979
1018,1.6,1707
1019,2.9,62
1020,2.7,1545
1021,2.6,1084
1022,3.5,849
1023,4.9,436
1024,1.7,1024
1025,1.6,884
1026,2.5,1527
1027,3.9,1402
1028,2.3,1852
1029,4.3,1091
1030,1.6,1210
1031,4.6,1499
1032,4.8,1036
1033,3.6,1818
1034,1.8,1726
1035,4.4,516
1036,4.0,602
1037,2.7,1747
1038,3.0,1213
1039,2.1,995
1040,3.0,313
1041,3.7,1572
1042,3.6,1352
1043,4.0,1021
1044,4.6,1373
1045,2.1,340
1046,1.8,781
1047,1.6,485
1048,2.6,1268
1049,1.6,1029
1050,4.5,1076
1051,2.3,1461
1052,2.4,1216
1053,1.9,462
1054,3.8,978
1055,2.0,681
1056,4.8,1104
1057,3.0,1344
1058,1.8,1622
1059,3.8,1019
1060,2.8,1581
1061,2.3,847
1062,4.3,701
1063,3.9,1205
1064,3.1,826
1065,4.4,749
1066,3.6,1254
1067,1.5,104
1068,1.6,1170
1069,5.0,796
1070,4.6,184
1071,3.2,687
1072,3.8,60
1073,4.0,1432
1074,4.5,1815
1075,2.0,816
1076,4.9,1944
1077,4.6,1
1078,4.7,1904
1079,3.1,1045
1080,3.1,492
1081,3.7,1050
1082,3.1,1571
1083,4.8,1071
1084,2.1,1774
1085,4.9,64
1086,2.6,494
1087,3.7,1323
1088,2.3,1947
1089,4.0,1187
1090,4.0,1172
1091,1.7,1936
1092,3.4,1516
1093,3.0,1461
1094,4.5,1971
1095,4.0,1407
1096,4.1,327
1097,2.5,1505
1098,3.1,1243
1099,2.2,804
1100,3.4,595
1101,4.2,213
1102,1.8,588
1103,2.1,174
1104,3.2,802
1105,2.4,594
1106,3.5,1619
1107,4.6,1648
1108,2.7,724
1109,3.6,367
1110,1.8,1570
1111,4.0,222
1112,4.7,1677
1113,3.0,539
1114,2.2,1668
1115,2.5,234
1116,5.0,1252
1117,2.8,1543
1118,1.7,924
1119,3.6,419
1120,2.9,1715
1121,4.7,1677
1122,3.9,287
1123,3.1,606
1124,4.0,81
1125,3.9,844
1126,4.3,464
1127,2.7,1345
1128,3.5,1249
1129,3.9,653
1130,4.1,1194
1131,2.2,1661
1132,2.4,1248
1133,4.5,1774
1134,3.3,891
1135,2.4,447
1136,3.9,1141
1137,1.9,214
1138,3.1,264
1139,4.4,1174
1140,2.8,992
1141,2.1,1126
1142,4.2,389
1143,3.9,724
1144,3.2,1782
1145,4.8,1943
1146,2.2,1308
1147,3.8,719
1148,3.8,376
1149,2.6,1755
1150,4.9,714
1151,2.1,813
1152,5.0,855
1153,4.0,1573
1154,4.3,1178
1155,4.0,428
1156,4.0,1956
1157,3.3,328
1158,4.2,371
1159,2.4,499
1160,4.0,92
1161,3.1,261
1162,4.5,616
1163,1.8,504
1164,2.1,428
1165,4.4,1856
1166,2.2,987
1167,1.7,344
1168,5.0,912
1169,3.2,64
1170,2.1,1107
1171,3.3,1748
1172,2.8,572
1173,4.0,1042
1174,4.3,1237
1175,4.5,478
1176,4.8,82
1177,1.5,355
1178,3.8,875
1179,2.2,64
1180,2.8,753
1181,1.8,969
1182,2.3,1717
1183,1.9,131
1184,1.7,1028
1185,3.9,1272
1186,2.1,1309
1187,1.8,370
1188,4.9,127
1189,1.5,455
1190,2.3,1693
1191,3.6,1292
1192,4.0,1796
1193,2.7,259
1194,3.6,1327
1195,4.4,1781
1196,4.9,1934
1197,2.5,147
1198,3.9,731
1199,4.7,252
1200,2.1,1894
1201,3.6,1630
1202,2.2,90
1203,3.8,313
1204,2.5,1811
1205,3.6,1939
1206,3.6,141
1207,2.3,476
1208,2.0,963
1209,2.4,1002
1210,2.2,912
1211,2.5,1592
1212,1.7,1878
1213,2.3,528
1214,4.5,1457
1215,4.8,1164
1216,4.0,1605
1217,4.2,442
1218,2.5,1818
1219,2.6,8
1220,2.4,738
1221,1.7,493
1222,3.3,1332
1223,3.1,1981
1224,3.8,1206
1225,2.0,872
1226,3.1,863
1227,4.9,1719
1228,2.2,1113
1229,3.2,656
1230,3.2,1685
1231,4.0,1981
1232,4.8,1075
1233,4.8,1324
1234,4.4,1349
1235,4.3,1637
1236,4.6,1794
1237,3.9,1074
1238,4.1,219
1239,4.2,314
1240,3.1,1641
1241,1.8,222
1242,2.2,1714
1243,2.3,1274
1244,2.3,576
1245,2.0,56
1246,4.1,1490
1247,3.8,704
1248,3.8,973
1249,1.8,1537
1250,2.8,1365
1251,2.0,1633
1252,1.6,185
1253,4.4,195
1254,3.1,1384
1255,4.1,782
1256,3.0,1889
1257,4.0,187
1258,1.6,1858
1259,2.2,196
1260,4.1,1396
1261,2.9,1560
1262,4.8,207
1263,2.0,1144
1264,4.7,1022
1265,4.8,1535
1266,3.5,1752
1267,1.8,453
1268,4.2,789
1269,2.2,569
1270,3.6,1860
1271,1.8,115
1272,4.4,1777
1273,4.6,1992
1274,3.9,480
1275,2.9,1390
1276,1.9,1876
1277,1.8,401
1278,1.6,597
1279,1.8,644
1280,2.5,1951
1281,4.3,101
1282,4.9,981
1283,2.9,1148
1284,1.8,1494
1285,2.8,603
1286,4.7,509
1287,3.9,1741
1288,5.0,344
1289,1.6,1760
1290,2.1,250
1291,3.5,835
1292,4.5,425
1293,4.5,1067
1294,2.6,743
1295,2.9,63
1296,4.2,1468
1297,3.3,324
1298,2.0,458
1299,3.8,90
1300,4.3,668
1301,3.0,1729
1302,4.5,1670
1303,2.3,1090
1304,2.4,480
1305,2.0,1825
1306,4.9,646
1307,4.0,1704
1308,3.0,931
1309,4.4,1691
1310,3.6,1124
1311,3.8,1599
1312,3.7,493
1313,3.4,1396
1314,2.5,587
1315,4.9,377
1316,4.4,679
1317,3.8,1567
1318,1.6,825
1319,4.5,1465
1320,3.6,714
1321,1.7,1351
1322,4.1,994
1323,4.3,368
1324,2.8,431
1325,4.5,1296
1326,3.3,462
1327,2.3,375
1328,1.9,1297
1329,2.0,1263
1330,4.7,219
1331,4.4,1316
1332,2.5,1336
1333,3.1,1598
1334,3.4,1835
1335,2.1,1845
1336,3.4,1122
1337,3.1,16
1338,1.6,1059
1339,2.9,1356
1340,3.2,1000
1341,4.5,1694
1342,1.6,654
1343,3.0,1212
1344,4.6,999
1345,3.2,1269
1346,2.4,1831
1347,2.2,1424
1348,2.6,478
1349,2.4,1220
1350,2.3,1616
1351,3.0,1691
1352,1.6,1153
1353,4.5,408
1354,4.0,894
1355,2.9,822
1356,4.1,1949
1357,4.5,668
1358,4.3,417
1359,4.7,1404
1360,1.5,937
1361,2.0,681
1362,2.2,1303
1363,3.0,685
1364,1.8,1978
1365,4.9,1769
1366,2.7,1302
1367,4.0,100
1368,2.4,1671
1369,2.6,1300
1370,3.8,722
1371,3.7,1630
1372,3.9,1406
1373,2.8,273
1374,3.9,1546
1375,4.8,1285
1376,4.5,781
1377,4.1,1654
1378,3.7,384
1379,4.9,1064
1380,4.0,1292
1381,4.6,210
1382,4.4,1538
1383,3.6,361
1384,1.9,1907
1385,1.8,976
1386,2.3,1408
1387,2.2,608
1388,1.8,1969
1389,2.6,1497
1390,4.9,1994
1391,4.4,1068
1392,4.8,1446
1393,2.7,935
1394,1.6,923
1395,2.3,133
1396,3.8,1588
1397,2.5,1139
1398,4.4,269
1399,4.7,326
1400,3.2,663
1401,2.3,253
1402,4.8,14
1403,2.7,163
1404,4.5,1135
1405,2.2,374
1406,4.5,1091
1407,2.9,508
1408,4.8,138
1409,2.5,850
1410,1.5,417
1411,4.8,40
1412,4.5,1933
1413,3.6,1694
1414,2.0,723
1415,4.5,1590
1416,3.8,646
1417,3.5,335
1418,3.0,647
1419,2.2,552
1420,2.1,1459
1421,3.4,1100
1422,2.6,364
1423,3.9,438
1424,3.6,965
1425,2.6,126
1426,2.4,843
1427,2.0,1375
1428,2.3,224
1429,3.1,1396
1430,2.1,817
1431,3.0,1580
1432,4.5,1452
1433,2.1,1910
1434,3.6,38
1435,5.0,172
1436,4.4,1814
1437,4.1,1594
1438,2.4,1898
1439,2.5,495
1440,1.5,1030
1441,2.4,265
1442,3.6,1643
1443,2.6,1403
1444,3.9,853
1445,4.9,945
1446,2.6,1537
1447,2.9,376
1448,1.7,1106
1449,3.0,811
1450,1.9,1121
1451,2.7,1350
1452,2.0,1676
1453,4.5,130
1454,4.6,1472
1455,4.1,671
1456,4.9,1865
1457,2.6,816
1458,3.0,972
1459,3.3,544
1460,2.3,462
1461,1.7,1331
1462,2.4,699
1463,2.0,1844
1464,1.5,235
1465,2.3,39
1466,4.5,75
1467,4.9,1926
1468,3.1,1340
1469,4.2,1849
1470,2.3,1728
1471,4.6,575
1472,1.7,1732
1473,4.3,1119
1474,3.6,631
1475,3.9,705
1476,2.6,1221
1477,4.7,1363
1478,2.2,521
1479,2.0,1
1480,3.3,1826
1481,3.5,577
1482,4.1,387
1483,3.4,266
1484,1.5,234
1485,3.5,835
1486,4.1,862
1487,3.6,16
1488,1.5,546
1489,2.0,437
1490,1.7,107
1491,3.5,1285
1492,3.8,1757
1493,4.3,194
1494,3.5,368
1495,2.4,883
1496,4.3,958
1497,2.3,1963
1498,4.4,442
1499,4.8,383
1500,2.1,1819
1501,2.5,973
1502,3.8,288
1503,4.9,157
1504,3.3,76
1505,1.7,936
1506,4.7,5
1507,3.3,1411
1508,2.4,561
1509,2.2,388
1510,4.6,341
1511,1.7,196
1512,3.6,379
1513,2.7,278
1514,2.0,184
1515,4.1,444
1516,3.9,1473
1517,3.6,1803
1518,3.7,1449
1519,2.8,1316
1520,2.2,1171
1521,2.2,1343
1522,2.1,197
1523,2.3,965
1524,3.9,1594
1525,3.0,1110
1526,2.8,1700
1527,4.0,173
1528,4.8,1746
1529,4.3,1248
1530,3.1,1705
1531,1.8,1590
1532,2.4,1956
1533,4.7,1486
1534,4.7,1163
1535,2.7,1915
1536,2.3,1167
1537,4.4,24
1538,4.7,1838
1539,2.5,375
1540,1.9,727
1541,3.3,791
1542,4.2,1047
1543,2.3,807
1544,2.3,69
1545,1.7,431
1546,4.0,818
1547,3.4,1722
1548,4.8,1484
1549,3.4,114
1550,3.6,742
1551,1.8,1649
1552,2.2,1185
1553,2.2,325
1554,3.3,1553
1555,2.1,535
1556,3.5,154
1557,3.6,484
1558,1.7,37
1559,2.5,628
1560,1.7,1597
1561,2.9,1131
1562,3.9,492
1563,2.5,1873
1564,1.7,1951
1565,3.6,1366
1566,3.4,1017
1567,1.8,721
1568,4.7,649
1569,3.9,1650
1570,2.1,569
1571,5.0,1923
1572,2.6,1269
1573,2.3,1823
1574,4.0,1096
1575,4.1,1864
1576,3.2,1698
1577,3.0,1965
1578,3.5,1246
1579,3.4,1306
1580,3.4,1742
1581,3.7,1342
1582,3.2,1109
1583,4.6,1043
1584,1.9,162
1585,2.2,1792
1586,2.5,653
1587,4.9,1956
1588,3.6,1740
1589,4.2,1699
1590,3.9,134
1591,3.2,786
1592,1.6,366
1593,2.8,1365
1594,1.9,1905
1595,3.1,1701
1596,1.8,621
1597,4.7,1087
1598,2.0,1964
1599,3.0,365
1600,3.5,1275
1601,4.6,1997
1602,2.8,977
1603,4.0,1167
1604,3.2,29
1605,4.7,622
1606,4.5,1969
1607,4.3,430
1608,3.3,997
1609,1.6,978
1610,3.5,1629
1611,2.1,1096
1612,3.5,1464
1613,2.0,1434
1614,4.7,1453
1615,3.6,611
1616,2.0,1936
1617,3.5,1142
1618,2.1,857
1619,1.6,1452
1620,2.8,887
1621,3.0,1621
1622,4.1,107
1623,1.7,407
1624,3.0,1958
1625,3.3,40
1626,1.5,1599
1627,2.2,1945
1628,4.1,1682
1629,4.1,355
1630,1.8,1589
1631,2.9,1553
1632,4.4,1194
1633,4.4,1351
1634,4.5,519
1635,3.1,493
1636,2.6,767
1637,2.3,1153
1638,3.2,1654
1639,4.1,1196
1640,3.9,800
1641,4.0,1633
1642,3.6,1175
1643,1.6,1967
1644,2.7,1570
1645,3.0,1145
1646,3.2,935
1647,2.3,758
1648,2.9,229
1649,3.9,1336
1650,2.5,1069
1651,3.1,196
1652,3.6,996
1653,1.9,1398
1654,4.6,407
1655,3.2,816
1656,2.6,1521
1657,4.5,1
1658,2.2,4
1659,2.5,76
1660,1.7,1023
1661,3.9,1709
1662,2.3,325
1663,2.2,816
1664,2.8,662
1665,4.8,215
1666,4.1,1446
1667,3.5,105
1668,4.5,1457
1669,3.1,180
1670,3.5,1589
1671,4.0,1966
1672,3.1,549
1673,3.4,896
1674,3.4,1924
1675,2.7,1602
1676,3.0,982
1677,2.6,1751
1678,3.8,897
1679,5.0,1070
1680,4.4,1723
1681,2.9,784
1682,3.6,1711
1683,2.5,459
1684,4.7,348
1685,4.9,724
1686,4.8,480
1687,1.7,160
1688,2.8,1482
1689,1.8,1569
1690,4.6,173
1691,3.3,610
1692,3.0,416
1693,1.6,217
1694,2.6,1558
1695,3.4,564
1696,3.9,16
1697,2.2,1021
1698,2.8,345
1699,1.6,941
1700,3.0,1112
1701,1.6,1571
1702,2.3,1949
1703,4.8,958
1704,1.6,373
1705,2.9,547
1706,3.1,925
1707,4.3,845
1708,4.0,1180
1709,3.1,1471
1710,4.2,5
1711,4.5,514
1712,2.6,1965
1713,1.8,1854
1714,2.4,1041
1715,4.3,1735
1716,2.5,1931
1717,4.8,622
1718,3.6,488
1719,2.2,563
1720,4.6,1593
1721,2.1,1384
1722,2.4,15
1723,3.5,1237
1724,3.7,797
1725,3.6,824
1726,2.9,1735
1727,4.0,1607
1728,1.6,794
1729,3.5,1095
1730,2.2,702
1731,4.0,950
1732,1.9,862
1733,1.8,660
1734,3.0,802
1735,2.1,807
1736,3.6,1660
1737,3.6,556
1738,4.9,1529
1739,2.3,1468
1740,3.5,607
1741,3.5,1903
1742,2.3,1702
1743,3.8,355
1744,4.4,1099
1745,1.9,1199
1746,2.3,1137
1747,2.8,96
1748,1.9,1237
1749,3.2,362
1750,3.8,1007
1751,3.4,1515
1752,2.8,1863
1753,2.6,1995
1754,2.9,762
1755,1.6,1327
1756,4.6,1139
1757,1.7,1
1758,3.3,1346
1759,4.0,811
1760,1.7,814
1761,4.7,46
1762,4.8,786
1763,2.0,1727
1764,3.5,1471
1765,2.6,889
1766,2.1,446
1767,2.7,1492
1768,3.5,1572
1769,2.5,765
1770,3.8,527
1771,3.9,615
1772,3.1,792
1773,3.3,1777
1774,2.5,1357
1775,2.9,365
1776,4.5,651
1777,1.6,1475
1778,3.4,533
1779,4.6,1076
1780,2.5,513
1781,2.3,392
1782,2.7,1045
1783,3.7,1280
1784,3.6,1329
1785,3.2,758
1786,2.4,263
1787,3.9,1150
1788,4.7,1043
1789,4.4,120
1790,2.6,1571
1791,4.6,1994
1792,2.8,319
1793,3.3,1313
1794,2.9,604
1795,2.7,1244
1796,2.9,579
1797,2.7,940
1798,3.5,757
1799,4.8,675
1800,2.4,710
1801,1.9,648
1802,4.2,454
1803,3.0,323
1804,3.1,298
1805,1.5,502
1806,3.9,136
1807,3.0,1067
1808,4.3,83
1809,5.0,333
1810,1.8,1637
1811,3.8,809
1812,4.8,647
1813,2.7,34
1814,1.5,1546
1815,1.5,195
1816,4.5,427
1817,4.0,445
1818,3.6,514
1819,2.7,1727
1820,2.3,24
1821,4.0,1194
1822,2.9,867
1823,4.7,1324
1824,4.1,1602
1825,4.9,1684
1826,1.9,240
1827,4.9,786
1828,1.8,782
1829,4.8,102
1830,4.1,1416
1831,2.8,1728
1832,4.4,258
1833,2.0,216
1834,2.2,847
1835,2.2,1228
1836,3.5,1233
1837,1.9,73
1838,3.4,160
1839,4.9,1056
1840,1.9,300
1841,3.0,580
1842,3.6,1646
1843,4.7,1645
1844,1.8,603
1845,2.0,653
1846,2.8,417
1847,2.7,242
1848,3.3,1268
1849,2.3,1381
1850,2.3,1569
1851,3.9,1148
1852,2.0,92
1853,4.6,373
1854,4.0,624
1855,1.6,743
1856,4.9,1632
1857,4.2,415
1858,3.6,785
1859,2.3,95
1860,4.5,441
1861,4.0,1602
1862,1.7,1982
1863,2.7,1781
1864,4.3,574
1865,2.5,188
1866,1.6,1653
1867,4.3,645
1868,2.1,1534
1869,2.9,1210
1870,2.0,866
1871,1.6,1123
1872,3.5,1173
1873,1.9,1585
1874,4.5,841
1875,2.4,569
1876,2.7,1029
1877,4.2,81
1878,2.1,1677
1879,4.8,1934
1880,3.3,1400
1881,1.7,346
1882,2.0,1881
1883,3.3,460
1884,3.7,1374
1885,4.0,1256
1886,1.7,423
1887,3.7,152
1888,4.6,1884
1889,4.5,258
1890,3.4,583
1891,2.1,1770
1892,3.5,1011
1893,2.6,1413
1894,4.4,9
1895,1.6,583
1896,3.4,763
1897,4.7,670
1898,3.4,1681
1899,4.1,985
1900,2.2,1522
1901,3.8,1546
1902,3.2,1398
1903,3.2,1417
1904,1.8,1308
1905,2.3,1508
1906,4.1,1035
1907,2.8,1976
1908,2.6,1357
1909,4.3,1982
1910,3.1,707
1911,4.6,608
1912,4.7,580
1913,3.6,521
1914,3.6,1572
1915,4.6,1050
1916,2.1,862
1917,4.9,479
1918,1.7,37
1919,3.1,143
1920,4.7,1787
1921,3.4,187
1922,2.7,1975
1923,1.7,1889
1924,1.6,315
1925,3.8,828
1926,3.0,1057
1927,2.7,1470
1928,2.0,294
1929,3.8,1050
1930,2.7,499
1931,1.7,1920
1932,3.8,1359
1933,3.3,1290
1934,2.5,1398
1935,1.9,79
1936,2.5,1473
1937,5.0,1769
1938,1.9,232
1939,3.9,1649
1940,3.8,631
1941,3.4,860
1942,3.3,599
1943,1.7,1633
1944,3.7,1146
1945,3.8,1276
1946,5.0,831
1947,4.9,1343
1948,4.0,953
1949,4.7,741
1950,2.0,6
1951,2.2,1023
1952,3.3,700
1953,3.5,934
1954,4.9,847
1955,3.6,274
1956,3.7,122
1957,2.1,1542
1958,2.1,864
1959,2.3,1630
1960,4.4,164
1961,2.1,11
1962,3.0,1827
1963,3.7,4
1964,2.2,957
1965,1.8,329
1966,1.6,1606
1967,4.5,648
1968,3.1,1231
1969,2.0,1010
1970,2.1,1745
1971,3.4,1335
1972,3.5,1034
1973,4.0,1447
1974,2.1,945
1975,4.6,1023
1976,4.7,1663
1977,4.8,300
1978,1.9,8
1979,3.9,1204
1980,4.5,1180
1981,3.8,1327
1982,2.2,1801
1983,4.2,173
1984,3.5,1184
1985,4.4,953
1986,1.8,6
1987,3.1,1470
1988,2.1,134
1989,3.3,1665
1990,3.1,1010
1991,2.9,954
1992,1.6,1385
1993,2.9,647
1994,4.9,669
1995,4.5,927
1996,4.9,811
1997,3.1,1233
1998,4.4,339
1999,2.3,1110
2000,1.5,702
2001,1.7,1173
2002,3.1,749
2003,2.5,896
2004,2.8,1432
2005,4.6,594
2006,3.6,583
2007,3.6,1650
2008,2.9,1147
2009,2.5,1823
2010,1.9,1157
2011,3.2,1840
2012,4.2,1770
2013,2.9,1040
2014,4.1,1084
2015,1.5,424
2016,2.5,143
2017,1.6,1806
2018,3.2,648
2019,1.8,1794
2020,3.1,1284
2021,1.6,1603
2022,4.2,2
2023,4.8,225
2024,1.7,1192
2025,2.8,253
2026,1.7,784
2027,2.0,1639
2028,3.8,1275
2029,2.8,1432
2030,3.2,1027
2031,1.7,1521
2032,4.8,1513
2033,4.8,814
2034,3.2,60
2035,3.0,351
2036,5.0,5
2037,4.7,0
2038,4.2,1420
2039,2.6,548
2040,3.8,197
2041,3.7,281
2042,4.8,1753
2043,2.9,652
2044,4.6,395
2045,3.1,189
2046,1.9,1858
2047,3.7,1044
2048,2.4,180
2049,2.9,1406
2050,5.0,1982
2051,3.8,1606
2052,4.1,459
2053,4.9,1483
2054,4.4,317
2055,3.9,1208
2056,4.9,840
2057,2.3,720
2058,3.3,1675
2059,3.4,572
2060,1.5,1200
2061,2.8,179
2062,4.6,1578
2063,2.8,436
2064,4.6,848
2065,1.8,1573
2066,2.0,670
2067,4.8,1329
2068,2.3,1463
2069,4.8,380
2070,1.8,1235
2071,3.6,1583
2072,4.9,502
2073,2.7,96
2074,4.2,51
2075,2.7,114
2076,4.5,1265
2077,1.9,630
2078,4.9,916
2079,2.7,300
2080,1.9,934
2081,1.7,1859
2082,3.0,847
2083,2.7,1262
2084,2.8,122
2085,3.5,1879
2086,1.9,1742
2087,3.3,80
2088,3.8,662
2089,4.2,944
2090,4.9,750
2091,2.9,1954
2092,4.9,1731
2093,2.1,1446
2094,4.8,1940
2095,4.8,126
2096,1.9,1028
2097,2.8,1099
2098,4.4,1930
2099,4.3,901
2100,1.8,1101
2101,3.8,752
2102,3.1,186
2103,2.2,196
2104,2.8,589
2105,4.8,656
2106,2.8,876
2107,4.2,87
2108,4.0,1421
2109,3.7,352
2110,2.2,908
2111,1.5,874
2112,3.8,1850
2113,3.6,104
2114,3.2,88
2115,2.9,612
2116,4.5,306
2117,3.5,1708
2118,2.9,942
2119,2.0,1523
2120,2.1,1213
2121,3.1,98
2122,4.8,348
2123,4.9,395
2124,3.8,857
2125,2.0,470
2126,3.6,1452
2127,4.6,570
2128,4.6,1248
2129,1.6,992
2130,2.7,1697
2131,4.4,1461
2132,4.7,1945
2133,3.7,318
2134,3.0,353
2135,3.8,594
2136,3.8,400
2137,3.4,893
2138,4.1,1025
2139,4.1,247
2140,2.8,530
2141,2.0,1567
2142,3.1,98
2143,2.9,885
2144,4.1,1093
2145,3.9,568
2146,2.8,1558
2147,3.6,535
2148,3.0,1021
2149,4.6,1460
2150,1.9,14
2151,2.9,1146
2152,3.5,1345
2153,4.4,1767
2154,1.9,319
2155,1.5,57
2156,1.8,1377
2157,4.8,161
2158,4.5,35
2159,3.4,838
2160,2.2,694
2161,4.4,546
2162,4.2,1186
2163,1.6,1521
2164,2.1,1976
2165,4.4,108
2166,4.7,1723
2167,3.2,1149
2168,2.9,1201
2169,2.7,1203
2170,3.9,1062
2171,4.9,460
2172,2.8,185
2173,4.0,1867
2174,1.8,547
2175,1.9,1968
2176,4.3,519
2177,3.8,272
2178,3.4,1805
2179,2.2,779
2180,1.6,1214
2181,4.0,1188
2182,4.4,1087
2183,3.6,156
2184,3.2,1591
2185,4.4,1725
2186,3.5,564
2187,4.5,1665
2188,1.9,620
2189,4.5,95
2190,3.5,1861
2191,2.2,489
2192,4.0,1425
2193,4.2,1369
2194,4.7,310
2195,2.5,1838
2196,2.8,1457
2197,3.4,232
2198,2.1,838
2199,4.0,627
2200,4.2,1904
2201,1.7,350
2202,4.2,1481
2203,2.6,519
2204,2.2,690
2205,4.9,18
2206,2.8,84
2207,2.0,1190
2208,3.3,5
2209,4.4,561
2210,3.1,1621
2211,2.7,322
2212,1.5,15
2213,2.2,1443
2214,2.8,1250
2215,2.2,690
2216,2.6,1580
2217,3.8,855
2218,4.8,1300
2219,4.5,862
2220,1.6,61
2221,4.9,1416
2222,3.4,1388
2223,1.6,1314
2224,2.7,321
2225,1.7,1697
2226,3.3,1469
2227,2.0,1426
2228,2.5,372
2229,1.7,1943
2230,2.6,234
2231,4.4,757
2232,4.6,1178
2233,4.3,75
2234,3.4,420
2235,4.9,923
2236,3.6,790
2237,5.0,256
2238,3.2,483
2239,4.1,1413
2240,3.9,1006
2241,4.5,1445
2242,5.0,1651
2243,3.4,649
2244,4.9,1278
2245,2.9,1539
2246,4.8,811
2247,3.3,1919
2248,3.6,494
2249,4.6,926
2250,3.5,1138
2251,4.0,1712
2252,4.6,723
2253,4.9,389
2254,1.9,71
2255,3.2,1084
2256,3.1,1105
2257,2.2,764
2258,3.7,1481
2259,2.3,1407
2260,1.7,1892
2261,4.8,1176
2262,2.2,1859
2263,3.3,933
2264,3.0,89
2265,3.8,1824
2266,4.4,1729
2267,3.6,1932
2268,2.9,503
2269,2.7,1157
2270,3.4,1526
2271,4.6,1016
2272,2.1,627
2273,3.0,1978
2274,3.2,381
2275,2.2,427
2276,2.9,396
2277,2.5,701
2278,3.3,1835
2279,1.9,984
2280,4.6,1755
2281,4.3,1062
2282,3.9,145
2283,4.7,282
2284,3.4,132
2285,4.9,19
2286,1.7,596
2287,3.6,48
2288,4.4,1855
2289,3.8,418
2290,3.1,455
2291,2.4,552
2292,4.2,276
2293,2.5,1623
2294,4.1,1846
2295,3.4,1138
2296,1.9,959
2297,3.1,1600
2298,3.2,1440
2299,1.7,1045
2300,4.0,1380
2301,1.9,1330
2302,3.9,1397
2303,2.1,469
2304,4.0,187
2305,3.1,358
2306,2.4,1850
2307,4.7,1170
2308,4.6,1549
2309,1.6,172
2310,2.6,1869
2311,3.9,874
2312,4.6,508
2313,1.9,513
2314,2.7,871
2315,2.0,1139
2316,1.6,1070
2317,4.8,20
2318,4.4,1020
2319,2.4,1750
2320,2.4,1012
2321,4.9,1437
2322,4.6,4
2323,2.0,1756
2324,1.7,388
2325,2.1,1345
2326,3.6,1824
2327,3.9,127
2328,4.4,973
2329,2.2,1793
2330,2.9,1151
2331,4.3,311
2332,3.1,1197
2333,2.4,1383
2334,2.9,1831
2335,4.4,1483
2336,2.3,344
2337,4.0,852
2338,4.0,1344
2339,3.0,230
2340,3.6,7
2341,4.2,686
2342,4.0,1417
2343,4.2,533
2344,2.0,1020
2345,2.2,1281
2346,3.3,66
2347,4.7,956
2348,2.8,545
2349,2.4,827
2350,2.0,1626
2351,2.0,1206
2352,1.8,515
2353,3.7,1460
2354,4.0,831
2355,4.9,539
2356,4.0,1735
2357,4.0,1897
2358,2.0,241
2359,1.7,1453
2360,2.4,1923
2361,4.5,464
2362,3.4,1975
2363,2.8,570
2364,3.5,1265
2365,3.2,411
2366,3.2,158
2367,2.7,10
2368,3.9,842
2369,1.5,346
2370,2.2,742
2371,4.9,454
2372,4.7,1115
2373,3.2,46
2374,4.6,577
2375,2.3,301
2376,4.7,868
2377,4.6,162
2378,1.9,1555
2379,3.4,22
2380,3.2,957
2381,4.0,1753
2382,2.2,1507
2383,3.8,1141
2384,3.7,1818
2385,1.7,1536
2386,3.7,1750
2387,3.5,1237
2388,1.7,1567
2389,4.6,748
2390,4.2,824
2391,1.6,1565
2392,4.0,365
2393,1.9,1950
2394,1.8,1228
2395,1.7,1384
2396,4.3,1133
2397,2.2,236
2398,3.3,1961
2399,3.6,1937
2400,4.4,1578
2401,2.1,651
2402,3.1,1059
2403,3.4,1162
2404,3.8,1807
2405,2.9,738
2406,4.7,367
2407,5.0,1787
2408,3.9,40
2409,3.1,1000
2410,4.7,376
2411,3.6,608
2412,3.6,1670
2413,4.6,290
2414,4.3,1236
2415,2.7,1706
2416,4.7,1489
2417,4.6,466
2418,1.6,1465
2419,2.8,424
2420,3.5,1586
2421,3.4,726
2422,3.8,1813
2423,4.6,1997
2424,1.7,556
2425,2.2,477
2426,3.0,206
2427,4.1,1608
2428,4.4,639
2429,3.1,1106
2430,2.2,1571
2431,2.7,244
2432,3.2,1647
2433,1.8,1330
2434,4.8,975
2435,1.5,1679
2436,4.6,84
2437,4.6,1744
2438,3.9,1992
2439,4.0,711
2440,4.1,460
2441,4.0,443
2442,3.0,1843
2443,4.9,1409
2444,2.1,1089
2445,1.5,1569
2446,2.7,1060
2447,3.2,1872
2448,4.5,322
2449,2.6,1817
2450,4.0,1056
2451,2.0,58
2452,2.7,374
2453,2.2,1881
2454,4.4,1052
2455,4.8,858
2456,3.4,207
2457,4.0,1849
2458,4.7,1037
2459,4.1,608
2460,1.8,1556
2461,4.5,218
2462,3.7,1080
2463,2.7,1049
2464,4.2,1141
2465,2.4,103
2466,3.6,655
2467,3.9,691
2468,4.7,1114
2469,4.6,405
2470,3.9,314
2471,4.6,731
2472,3.3,63
2473,2.0,1948
2474,3.5,239
2475,3.2,1302
2476,2.8,930
2477,4.5,1096
2478,2.6,1215
2479,2.9,734
2480,4.4,488
2481,4.7,151
2482,3.6,330
2483,3.8,1257
2484,5.0,1362
2485,5.0,988
2486,3.5,1271
2487,1.6,1327
2488,1.7,1083
2489,4.9,1147
2490,3.4,1128
2491,3.8,423
2492,1.9,1341
2493,4.8,343
2494,1.7,909
2495,3.7,957
2496,2.6,380
2497,4.8,1637
2498,2.9,662
2499,1.9,901
2500,3.4,1584
2501,4.4,995
2502,4.5,1191
2503,3.7,1271
2504,4.2,5
2505,3.9,891
2506,3.4,790
2507,2.6,228
2508,4.1,749
2509,3.4,1060
2510,3.8,166
2511,2.6,1872
2512,2.2,7
2513,3.1,1731
2514,4.7,1023
2515,3.5,1933
2516,2.8,360
2517,2.2,926
2518,3.1,1554
2519,3.9,1377
2520,4.1,933
2521,4.5,1447
2522,5.0,1535
2523,4.4,419
2524,3.8,1016
2525,2.5,1921
2526,3.1,1024
2527,3.7,75
2528,3.6,1074
2529,3.7,1467
2530,2.2,876
2531,4.2,1229
2532,2.0,372
2533,2.4,172
2534,4.5,599
2535,2.5,1892
2536,4.6,786
2537,4.4,72
2538,3.6,443
2539,4.4,1247
2540,4.6,1432
2541,3.6,1136
2542,3.9,1566
2543,4.8,584
2544,3.6,64
2545,2.3,786
2546,3.6,688
2547,4.5,1656
2548,1.8,1820
2549,2.3,696
2550,2.4,1619
2551,4.8,211
2552,4.3,274
2553,2.5,1086
2554,1.8,1287
2555,2.4,1977
2556,2.4,406
2557,4.1,1519
2558,3.0,1466
2559,3.4,1589
2560,1.8,1296
2561,1.7,918
2562,2.5,746
2563,4.7,1656
2564,1.7,600
2565,3.0,1415
2566,3.2,501
2567,2.1,1857
2568,3.7,1508
2569,3.2,580
2570,3.8,712
2571,2.5,306
2572,2.1,266
2573,1.9,1139
2574,3.3,1171
2575,4.1,328
2576,2.2,93
2577,4.7,1715
2578,2.8,457
2579,4.6,958
2580,4.5,330
2581,1.8,276
2582,3.3,918
2583,4.3,1971
2584,1.9,782
2585,3.0,184
2586,3.2,367
2587,1.9,234
2588,4.3,655
2589,2.2,1020
2590,2.7,863
2591,3.2,369
2592,3.2,1621
2593,4.3,1048
2594,2.9,1645
2595,3.8,811
2596,4.2,1514
2597,3.0,1517
2598,2.0,441
2599,3.0,1280
2600,3.6,450
2601,4.3,454
2602,2.2,525
2603,4.1,1373
2604,4.8,219
2605,1.5,739
2606,2.5,622
2607,2.6,526
2608,4.8,1764
2609,2.6,709
2610,2.1,495
2611,1.7,1751
2612,1.8,1982
2613,3.4,1302
2614,3.2,95
2615,4.7,324
2616,4.5,315
2617,1.5,199
2618,1.9,319
2619,3.5,1053
2620,3.0,210
2621,3.1,879
2622,2.0,1265
2623,2.6,738
2624,4.2,1477
2625,2.9,1258
2626,1.5,534
2627,2.8,634
2628,3.9,1446
2629,4.1,7
2630,1.9,1855
2631,4.6,1522
2632,2.1,49
2633,3.6,1639
2634,1.6,812
2635,1.8,1030
2636,4.0,894
2637,3.4,1020
2638,1.6,141
2639,3.7,309
2640,2.7,818
2641,4.9,1938
2642,1.9,51
2643,3.8,1342
2644,3.5,542
2645,1.9,1854
2646,4.0,664
2647,4.6,1302
2648,1.6,1233
2649,1.8,1517
2650,2.0,1793
2651,4.9,964
2652,3.7,837
2653,2.5,556
2654,3.3,729
2655,3.1,1628
2656,4.0,708
2657,4.2,1451
2658,4.3,1008
2659,1.9,252
2660,4.7,1045
2661,4.2,91
2662,2.5,738
2663,4.0,1414
2664,3.2,1422
2665,2.8,1770
2666,2.5,1716
2667,3.2,384
2668,3.2,1066
2669,2.8,1983
2670,1.8,487
2671,2.4,683
2672,4.3,217
2673,3.6,1625
2674,2.8,760
2675,3.1,721
2676,4.0,928
2677,4.8,1618
2678,3.2,830
2679,3.7,1937
2680,2.4,795
2681,2.3,1424
2682,2.2,842
2683,3.2,689
2684,3.9,118
2685,4.4,338
2686,2.3,195
2687,4.0,295
2688,4.0,1907
2689,2.5,676
2690,3.4,1062
2691,3.8,911
2692,4.8,1025
2693,2.9,1075
2694,4.7,930
2695,3.5,920
2696,2.9,1916
2697,3.7,1143
2698,4.8,1658
2699,2.9,767
2700,2.7,1148
2701,2.4,1203
2702,2.5,1506
2703,3.2,1062
2704,3.6,182
2705,2.8,518
2706,3.0,1849
2707,3.7,177
2708,4.0,1249
2709,2.1,1359
2710,3.6,168
2711,4.4,524
2712,3.8,1551
2713,2.5,632
2714,3.0,1036
2715,3.7,492
2716,4.2,1437
2717,2.0,1216
2718,1.7,405
2719,4.6,893
2720,4.8,1007
2721,4.2,921
2722,4.4,102
2723,3.5,1543
2724,2.7,1295
2725,3.2,601
2726,3.0,1856
2727,2.4,627
2728,4.8,123
2729,4.8,1815
2730,3.1,539
2731,2.3,927
2732,4.4,1225
2733,3.4,416
2734,3.7,1923
2735,2.0,1870
2736,1.7,137
2737,3.3,1485
2738,4.2,1166
2739,4.4,940
2740,1.8,1049
2741,3.4,1168
2742,3.0,134
2743,1.9,299
2744,3.0,668
2745,4.6,910
2746,4.0,599
2747,2.3,1678
2748,3.0,884
2749,2.9,1632
2750,3.5,943
2751,4.0,1776
2752,1.5,404
2753,1.9,934
2754,1.8,171
2755,4.6,1423
2756,4.3,56
2757,4.3,350
2758,4.0,1099
2759,2.5,1600
2760,3.7,1084
2761,4.3,193
2762,2.3,1605
2763,4.8,1722
2764,4.4,1992
2765,2.5,1028
2766,3.4,1195
2767,3.8,134
2768,2.7,1833
2769,3.8,1675
2770,4.5,465
2771,5.0,395
2772,1.7,195
2773,3.0,1294
2774,3.1,1922
2775,2.0,1882
2776,2.1,1604
2777,3.4,1696
2778,4.1,521
2779,3.9,1362
2780,2.4,560
2781,3.5,1277
2782,4.6,1377
2783,3.0,1097
2784,2.1,1261
2785,3.0,878
2786,4.0,8
2787,2.7,1
2788,3.4,104
2789,4.6,1399
2790,3.0,519
2791,3.5,1367
2792,3.7,1858
2793,3.4,1680
2794,4.9,1108
2795,2.2,39
2796,2.0,1134
2797,2.2,1261
2798,3.0,451
2799,1.8,588
2800,2.5,1689
2801,3.0,592
2802,2.2,303
2803,3.2,1531
2804,3.0,679
2805,4.9,1824
2806,2.4,1997
2807,3.7,1155
2808,2.3,1791
2809,4.1,1878
2810,3.3,1150
2811,4.9,1535
2812,4.4,11
2813,2.1,1562
2814,4.5,867
2815,2.5,1966
2816,4.1,1467
2817,3.6,439
2818,4.2,971
2819,3.7,1470
2820,2.0,844
2821,3.0,506
2822,1.8,1782
2823,2.9,670
2824,4.6,1253
2825,3.1,1337
2826,3.2,1778
2827,2.0,1568
2828,3.4,941
2829,3.6,449
2830,3.0,623
2831,2.5,1227
2832,2.3,778
2833,4.2,1640
2834,4.4,488
2835,2.0,197
2836,4.2,767
2837,1.5,1418
2838,2.5,1429
2839,5.0,901
2840,2.8,1731
2841,3.0,896
2842,2.6,585
2843,4.9,1257
2844,2.2,1077
2845,2.5,1958
2846,2.2,1613
2847,3.2,1741
2848,1.8,1124
2849,4.9,18
2850,3.2,1499
2851,3.0,1828
2852,4.5,371
2853,2.0,1685
2854,4.5,1348
2855,2.8,756
2856,1.9,471
2857,4.3,788
2858,4.7,1437
2859,2.4,1986
2860,3.7,1155
2861,2.2,793
2862,2.8,955
2863,4.3,444
2864,2.8,751
2865,3.7,1130
2866,4.7,1347
2867,2.4,1165
2868,4.2,31
2869,2.2,1714
2870,4.2,1773
2871,3.6,867
2872,3.6,193
2873,4.9,684
2874,2.2,1976
2875,4.3,1847
2876,3.0,234
2877,2.0,610
2878,1.9,852
2879,2.4,1102
2880,4.2,231
2881,2.7,1338
2882,4.5,1621
2883,3.9,1120
2884,3.6,757
2885,3.6,1762
2886,4.2,1309
2887,3.9,1684
2888,4.0,964
2889,2.9,1966
2890,1.6,226
2891,4.1,1974
2892,1.6,761
2893,4.7,827
2894,3.0,1462
2895,4.7,480
2896,2.8,474
2897,2.5,696
2898,4.7,455
2899,2.2,576
2900,3.5,952
2901,3.0,1871
2902,2.3,1230
2903,4.8,1668
2904,2.6,1246
2905,1.5,1681
2906,1.9,1565
2907,1.9,930
2908,1.8,736
2909,4.5,2000
2910,4.4,1104
2911,4.6,221
2912,1.8,72
2913,3.0,137
2914,3.0,89
2915,4.4,1442
2916,2.5,666
2917,2.0,1547
2918,4.6,1777
2919,1.5,1156
2920,3.9,68
2921,3.6,478
2922,1.5,793
2923,3.6,298
2924,4.1,344
2925,4.7,1423
2926,3.7,747
2927,2.3,218
2928,4.1,30
2929,2.0,421
2930,3.4,1791
2931,4.8,1853
2932,3.6,1827
2933,2.2,411
2934,1.8,601
2935,3.4,716
2936,4.5,1493
2937,3.1,1601
2938,3.7,54
2939,1.5,1687
2940,2.6,1355
2941,4.9,528
2942,1.8,297
2943,4.5,71
2944,2.9,426
2945,2.0,58
2946,3.8,1330
2947,2.7,570
2948,3.9,1177
2949,2.6,1290
2950,1.8,359
2951,2.8,355
2952,2.8,1542
2953,3.7,128
2954,2.5,6
2955,4.9,1571
2956,4.6,1432
2957,4.4,1226
2958,2.6,401
2959,2.2,807
2960,1.7,741
2961,3.6,1732
2962,3.4,231
2963,3.4,79
2964,3.0,1911
2965,4.6,681
2966,3.6,853
2967,3.6,233
2968,3.7,349
2969,3.1,937
2970,1.9,1701
2971,1.7,1562
2972,1.8,721
2973,3.1,768
2974,3.1,624
2975,2.5,1475
2976,2.6,1283
2977,1.7,1696
2978,4.6,1688
2979,5.0,1996
2980,3.1,514
2981,4.2,1504
2982,3.2,864
2983,4.2,1222
2984,4.6,1015
2985,4.0,776
2986,2.2,1893
2987,3.3,816
2988,1.5,760
2989,2.5,573
2990,4.7,1933
2991,2.0,481
2992,3.6,413
2993,4.4,219
2994,2.2,1154
2995,3.9,359
2996,3.1,1731
2997,2.2,1089
2998,3.8,1013
2999,4.7,919
3000,2.4,425
3001,3.3,9
3002,2.4,117
3003,3.1,1653
3004,3.1,410
3005,3.3,1448
3006,1.5,120
3007,3.3,1781
3008,1.8,1379
3009,4.8,1335
3010,3.8,1675
3011,2.2,229
3012,2.2,1447
3013,4.8,891
3014,3.8,558
3015,1.5,567
3016,1.8,278
3017,3.2,1268
3018,3.4,302
3019,3.0,1464
3020,1.6,96
3021,4.4,1091
3022,1.9,876
3023,4.8,40
3024,2.9,70
3025,4.2,1397
3026,2.6,1763
3027,3.9,1059
3028,2.2,701
3029,2.9,991
3030,4.5,899
3031,3.0,998
3032,1.6,893
3033,2.5,1832
3034,1.8,901
3035,4.5,912
3036,4.0,1097
3037,3.8,1038
3038,2.2,757
3039,2.4,1244
3040,3.5,1189
3041,3.3,1015
3042,3.5,994
3043,2.9,170
3044,1.7,1130
3045,3.0,655
3046,5.0,688
3047,3.6,884
3048,4.3,1427
3049,3.2,918
3050,1.8,879
3051,4.5,1409
3052,2.5,993
3053,2.5,983
3054,3.3,309
3055,1.6,1896
3056,3.3,626
3057,1.7,1830
3058,2.1,1907
3059,4.5,688
3060,4.6,242
3061,2.0,1009
3062,2.6,1790
3063,4.2,1573
3064,4.3,749
3065,3.3,478
3066,4.8,1246
3067,4.9,483
3068,1.9,840
3069,2.6,533
3070,2.9,1387
3071,3.2,1331
3072,3.3,346
3073,2.5,1881
3074,4.8,703
3075,2.5,460
3076,3.1,1706
3077,2.8,25
3078,3.6,1275
3079,4.1,749
3080,4.1,1116
3081,2.8,54
3082,5.0,779
3083,4.2,12
3084,1.5,763
3085,4.3,298
3086,3.0,1931
3087,2.1,503
3088,2.2,1941
3089,3.8,1274
3090,4.0,1443
3091,3.9,931
3092,2.7,682
3093,4.6,1414
3094,4.7,849
3095,3.7,761
3096,2.3,1309
3097,2.0,1783
3098,4.6,830
3099,3.3,574
3100,4.6,1344
3101,1.7,363
3102,3.8,435
3103,3.2,1649
3104,1.8,960
3105,3.1,946
3106,2.4,319
3107,2.2,1358
3108,3.5,1570
3109,3.8,1236
3110,1.6,644
3111,4.8,252
3112,2.2,1406
3113,4.1,1702
3114,4.2,1998
3115,4.3,1133
3116,2.7,1408
3117,3.3,194
3118,2.8,722
3119,1.5,10
3120,3.4,1873
3121,3.8,1303
3122,3.3,973
3123,2.3,1042
3124,4.7,1427
3125,3.0,1785
3126,2.6,117
3127,3.5,1374
3128,3.7,144
3129,2.5,1997
3130,3.8,814
3131,1.6,1761
3132,1.9,180
3133,4.1,1864
3134,2.4,867
3135,4.6,991
3136,2.6,499
3137,4.0,1296
3138,2.5,1659
3139,3.1,1539
3140,3.1,1015
3141,3.2,897
3142,3.4,40
3143,4.4,1407
3144,2.2,326
3145,1.8,145
3146,4.5,477
3147,2.9,722
3148,4.6,408
3149,2.0,846
3150,4.4,486
3151,2.9,1373
3152,3.8,334
3153,3.1,418
3154,4.7,461
3155,4.8,272
3156,2.7,237
3157,4.6,612
3158,1.8,902
3159,3.6,1558
3160,1.7,216
3161,4.7,743
3162,3.1,1476
3163,2.3,842
3164,3.1,203
3165,1.8,1486
3166,2.0,121
3167,2.5,52
3168,3.3,675
3169,2.9,413
3170,3.5,953
3171,3.6,912
3172,1.9,1498
3173,4.3,1921
3174,3.1,1350
3175,4.3,1376
3176,4.6,1103
3177,3.9,1211
3178,3.1,1476
3179,2.7,425
3180,4.1,1945
3181,2.0,1796
3182,1.5,25
3183,2.6,1257
3184,2.6,145
3185,2.1,1281
3186,3.4,543
3187,4.0,1224
3188,4.7,1372
3189,4.7,6
3190,3.7,1708
3191,2.2,13
3192,3.4,530
3193,2.2,1907
3194,3.9,335
3195,3.8,1918
3196,2.5,1647
3197,4.6,28
3198,4.1,1983
3199,3.8,1356
3200,1.9,1312
3201,3.4,1825
3202,2.6,882
3203,3.4,549
3204,2.3,1032
3205,4.2,477
3206,1.7,1927
3207,2.5,611
3208,4.3,1256
3209,3.5,984
3210,4.2,1463
3211,2.0,1956
3212,1.9,856
3213,3.8,734
3214,1.7,1119
3215,1.7,219
3216,4.8,628
3217,1.9,203
3218,2.6,1008
3219,4.9,3
3220,2.5,1802
3221,2.1,656
3222,1.8,862
3223,4.2,444
3224,2.1,169
3225,4.9,1677
3226,4.1,1957
3227,4.9,61
3228,2.9,1684
3229,4.8,1015
3230,4.7,1670
3231,3.5,711
3232,3.7,1747
3233,5.0,99
3234,2.9,1592
3235,5.0,1497
3236,4.6,1653
3237,2.0,1636
3238,3.2,1596
3239,2.4,1417
3240,2.5,1364
3241,2.1,185
3242,2.6,946
3243,3.7,1694
3244,4.3,218
3245,3.8,1970
3246,4.2,711
3247,4.9,287
3248,4.5,1808
3249,2.7,1912
3250,2.8,86
3251,2.7,432
3252,4.1,838
3253,2.9,1765
3254,2.3,1343
3255,1.7,1842
3256,1.9,6
3257,4.6,859
3258,4.2,1705
3259,3.2,164
3260,4.3,1485
3261,4.1,220
3262,2.9,62
3263,2.0,143
3264,2.8,1842
3265,2.8,416
3266,2.8,986
3267,4.1,1512
3268,2.7,1204
3269,2.3,1117
3270,4.7,1653
3271,2.9,1445
3272,2.4,1183
3273,1.5,1918
3274,2.6,1120
3275,4.6,799
3276,3.5,895
3277,1.6,1636
3278,2.4,1011
3279,3.3,278
3280,1.5,1803
3281,4.1,493
3282,4.8,1412
3283,3.6,613
3284,4.3,303
3285,1.7,385
3286,2.8,669
3287,3.0,426
3288,3.6,344
3289,4.0,277
3290,2.5,827
3291,2.1,291
3292,3.1,129
3293,2.0,170
3294,4.1,838
3295,1.8,42
3296,3.2,1439
3297,4.6,1680
3298,2.4,979
3299,4.5,169
3300,4.8,1682
3301,2.3,672
3302,2.1,306
3303,5.0,1385
3304,2.6,1554
3305,4.6,937
3306,2.3,1897
3307,2.5,1293
3308,4.6,1396
3309,3.1,1343
3310,2.2,867
3311,3.2,1309
3312,3.5,243
3313,1.9,1885
3314,2.0,1394
3315,3.0,329
3316,4.5,239
3317,2.5,266
3318,4.9,592
3319,4.1,1672
3320,4.5,577
3321,1.7,1994
3322,3.2,607
3323,2.8,736
3324,4.6,1179
3325,3.2,91
3326,3.4,1923
3327,2.5,961
3328,4.2,1361
3329,4.4,1925
3330,3.5,765
3331,4.3,1274
3332,4.6,424
3333,3.2,966
3334,2.2,160
3335,3.3,489
3336,2.0,1288
3337,2.6,1564
3338,4.6,393
3339,1.6,1438
3340,3.6,689
3341,1.7,481
3342,2.2,84
3343,2.5,1004
3344,2.2,816
3345,2.9,464
3346,4.1,63
3347,2.0,1979
3348,2.5,107
3349,3.9,1025
3350,2.9,1032
3351,2.3,1428
3352,2.2,235
3353,2.6,1499
3354,3.6,1354
3355,2.4,1028
3356,4.3,1518
3357,4.5,790
3358,2.1,894
3359,4.5,1899
3360,1.7,1908
3361,3.6,1471
3362,2.4,72
3363,1.6,781
3364,2.2,1300
3365,2.8,1047
3366,2.8,1887
3367,3.5,1919
3368,4.5,1818
3369,3.7,281
3370,2.2,302
3371,2.0,946
3372,2.5,1065
3373,4.2,1414
3374,4.0,513
3375,3.6,307
3376,1.8,1896
3377,3.2,148
3378,4.5,1097
3379,2.9,762
3380,4.1,614
3381,4.3,1745
3382,3.7,81
3383,2.3,1366
3384,2.2,137
3385,2.8,1288
3386,2.1,930
3387,2.1,729
3388,4.4,834
3389,4.2,1233
3390,4.7,1853
3391,1.9,1494
3392,3.7,1464
3393,2.1,1183
3394,1.8,1924
3395,4.3,1584
3396,1.7,920
3397,5.0,831
3398,2.5,1352
3399,4.9,1054
3400,1.7,358
3401,3.8,1169
3402,1.9,1927
3403,1.7,1461
3404,3.3,351
3405,1.8,1467
3406,3.4,771
3407,3.5,834
3408,2.7,1990
3409,2.3,505
3410,2.5,1963
3411,4.6,170
3412,4.7,249
3413,1.6,387
3414,2.3,655
3415,2.3,723
3416,3.2,1557
3417,5.0,1274
3418,2.3,57
3419,1.7,595
3420,4.7,445
3421,1.6,261
3422,1.8,289
3423,2.5,771
3424,3.3,1478
3425,4.4,918
3426,1.8,1019
3427,1.7,368
3428,2.6,971
3429,3.4,882
3430,4.4,1181
3431,2.5,1309
3432,3.3,726
3433,2.4,1417
3434,2.3,1431
3435,3.0,1465
3436,2.4,485
3437,3.7,952
3438,3.4,815
3439,2.7,219
3440,2.6,0
3441,4.7,1130
3442,2.8,1456
3443,4.6,545
3444,4.0,503
3445,3.2,1777
3446,3.1,777
3447,4.3,1499
3448,3.4,1091
3449,3.5,1332
3450,4.2,862
3451,3.3,1877
3452,1.5,774
3453,2.4,1410
3454,3.8,279
3455,2.8,836
3456,4.6,1028
3457,4.3,1358
3458,3.6,899
3459,2.4,1664
3460,4.7,1841
3461,2.3,1119
3462,4.7,1296
3463,2.8,1489
3464,4.4,9
3465,3.4,1210
3466,4.5,680
3467,1.7,1722
3468,3.9,400
3469,1.6,1783
3470,1.5,1968
3471,4.0,1532
3472,2.2,1062
3473,4.7,815
3474,1.9,1455
3475,5.0,1597
3476,3.1,1046
3477,2.7,1463
3478,1.9,736
3479,3.4,1783
3480,2.4,1191
3481,2.9,1659
3482,4.3,259
3483,4.2,1945
3484,2.2,532
3485,2.9,479
3486,2.5,1653
3487,3.7,1337
3488,2.0,1684
3489,3.6,888
3490,1.9,897
3491,2.9,1974
3492,2.3,1814
3493,4.0,383
3494,4.4,200
3495,4.2,174
3496,2.3,1180
3497,2.1,1371
3498,3.2,474
3499,4.9,248
3500,4.0,1187
3501,2.6,277
3502,3.2,1558
3503,2.5,1473
3504,4.6,659
3505,4.6,1635
3506,4.2,979
3507,3.7,1384
3508,2.5,849
3509,2.7,696
3510,3.4,1719
3511,1.6,350
3512,3.3,698
3513,3.7,370
3514,3.7,1473
3515,3.7,1895
3516,3.4,64
3517,4.3,984
3518,4.2,1213
3519,3.5,1931
3520,2.2,803
3521,3.0,1114
3522,4.1,52
3523,3.2,1246
3524,2.4,627
3525,4.0,1552
3526,3.0,1242
3527,2.0,1951
3528,4.7,975
3529,1.7,1655
3530,4.0,1197
3531,4.3,348
3532,4.8,111
3533,2.1,1364
3534,1.8,1846
3535,1.7,1272
3536,2.8,1620
3537,3.6,257
3538,2.0,1957
3539,4.9,956
3540,3.2,1938
3541,4.9,1181
3542,3.4,643
3543,4.4,914
3544,3.5,1260
3545,2.6,565
3546,3.9,1543
3547,4.7,907
3548,3.9,1061
3549,2.8,1234
3550,3.8,322
3551,1.6,1594
3552,4.5,1445
3553,3.2,1984
3554,3.1,1359
3555,4.1,558
3556,5.0,1611
3557,5.0,926
3558,2.7,58
3559,2.5,918
3560,2.0,1023
3561,2.4,1550
3562,1.6,126
3563,1.6,990
3564,2.7,989
3565,2.9,1072
3566,1.6,1875
3567,5.0,1280
3568,3.7,1247
3569,1.8,577
3570,1.8,228
3571,2.0,778
3572,2.6,1555
3573,3.4,654
3574,2.6,1552
3575,2.2,1850
3576,4.0,1388
3577,3.3,622
3578,3.8,1905
3579,4.3,1525
3580,2.0,882
3581,2.7,923
3582,3.2,677
3583,3.5,675
3584,1.6,1331
3585,4.5,1634
3586,4.8,1989
3587,4.7,1363
3588,3.0,357
3589,2.3,429
3590,3.9,1167
3591,1.8,1481
3592,4.9,1645
3593,2.8,1143
3594,2.8,178
3595,3.7,1892
3596,2.8,320
3597,3.0,563
3598,3.3,458
3599,4.4,1022
3600,4.2,792
3601,3.8,1753
3602,4.2,1485
3603,3.4,190
3604,1.8,1374
3605,4.5,713
3606,4.3,1888
3607,4.5,676
3608,4.3,1358
3609,4.3,947
3610,2.0,461
3611,4.1,1692
3612,4.2,1838
3613,4.8,31
3614,3.1,1813
3615,3.5,123
3616,3.7,1917
3617,1.7,432
3618,1.5,275
3619,3.3,233
3620,3.2,1947
3621,3.6,988
3622,1.9,990
3623,3.7,1472
3624,2.1,1278
3625,4.1,1046
3626,4.2,471
3627,4.0,1982
3628,2.0,179
3629,3.9,1491
3630,2.9,1856
3631,4.9,1421
3632,4.8,294
3633,4.7,1735
3634,1.8,1724
3635,2.4,1168
3636,3.7,985
3637,4.0,696
3638,4.4,770
3639,1.9,731
3640,3.2,1584
3641,2.2,903
3642,2.1,15
3643,3.5,1354
3644,1.8,60
3645,3.4,1019
3646,3.8,1194
3647,4.6,254
3648,4.5,944
3649,3.9,1617
3650,3.3,482
3651,2.0,677
3652,2.1,1507
3653,3.4,1235
3654,3.3,1590
3655,2.3,1006
3656,4.4,1952
3657,3.9,1687
3658,3.2,128
3659,1.9,1835
3660,4.8,1252
3661,4.9,328
3662,1.9,1701
3663,4.0,246
3664,4.3,871
3665,2.4,1658
3666,4.1,1721
3667,2.6,632
3668,4.0,244
3669,1.9,1985
3670,3.2,556
3671,2.7,839
3672,2.4,1909
3673,4.0,788
3674,1.7,1428
3675,3.0,1702
3676,3.5,26
3677,1.6,374
3678,4.0,1812
3679,4.4,1111
3680,4.9,1494
3681,3.4,1029
3682,1.6,593
3683,4.9,1900
3684,2.2,363
3685,4.0,1838
3686,2.8,250
3687,2.2,1129
3688,5.0,75
3689,3.6,194
3690,2.2,1145
3691,3.7,1764
3692,4.3,716
3693,3.3,932
3694,2.6,543
3695,1.9,1358
3696,4.6,1102
3697,2.9,759
3698,4.3,1282
3699,4.6,1048
3700,2.5,1230
3701,2.5,1287
3702,3.0,324
3703,3.9,109
3704,2.5,1194
3705,2.7,236
3706,1.8,302
3707,3.8,1240
3708,2.5,1579
3709,3.1,26
3710,4.9,486
3711,3.8,1945
3712,4.0,1711
3713,4.5,629
3714,3.5,348
3715,3.8,1398
3716,3.1,1152
3717,3.9,528
3718,1.6,1850
3719,3.1,325
3720,4.7,957
3721,3.0,245
3722,4.6,1007
3723,2.5,104
3724,3.8,390
3725,1.9,1378
3726,3.1,1729
3727,3.8,1619
3728,2.6,469
3729,1.8,1833
3730,4.4,154
3731,2.0,1769
3732,3.9,1563
3733,4.2,1834
3734,2.9,649
3735,2.7,704
3736,1.6,330
3737,4.3,1663
3738,2.8,634
3739,3.7,1035
3740,4.4,740
3741,3.8,178
3742,3.1,953
3743,3.4,676
3744,2.3,66
3745,3.5,29
3746,3.0,309
3747,1.6,562
3748,2.2,1511
3749,2.9,1695
3750,3.1,1342
3751,2.9,1436
3752,3.3,1102
3753,3.3,1047
3754,5.0,1207
3755,3.2,1676
3756,3.2,1087
3757,3.4,1514
3758,3.1,1463
3759,2.7,1004
3760,4.9,1379
3761,3.1,1927
3762,2.4,912
3763,1.9,648
3764,3.3,1508
3765,4.9,514
3766,1.6,418
3767,2.1,999
3768,1.5,1174
3769,2.2,1208
3770,2.4,1426
3771,3.7,1525
3772,3.3,1497
3773,1.7,802
3774,4.9,1850
3775,1.8,807
3776,2.6,1381
3777,4.3,875
3778,3.8,83
3779,3.1,506
3780,1.9,1986
3781,4.0,1977
3782,2.5,1274
3783,2.8,719
3784,2.1,366
3785,2.5,1289
3786,4.4,565
3787,2.4,390
3788,3.0,1319
3789,2.9,1800
3790,2.2,1091
3791,2.9,623
3792,2.5,1043
3793,4.1,964
3794,4.5,1410
3795,4.1,907
3796,2.1,7
3797,3.5,1282
3798,2.6,549
3799,3.6,403
3800,3.5,721
3801,4.3,267
3802,4.2,1847
3803,4.4,567
3804,2.6,580
3805,2.4,1240
3806,3.1,1200
3807,4.3,1007
3808,4.9,61
3809,2.8,1149
3810,3.0,1266
3811,4.6,1963
3812,4.3,1094
3813,1.8,345
3814,1.6,266
3815,3.5,1471
3816,4.1,1310
3817,1.7,1640
3818,4.8,1645
3819,3.7,101
3820,2.2,642
3821,2.0,16
3822,1.5,1771
3823,1.9,1824
3824,3.9,1745
3825,4.1,1440
3826,1.6,425
3827,3.2,383
3828,2.2,497
3829,2.8,773
3830,3.5,717
3831,4.9,1206
3832,4.1,790
3833,4.2,690
3834,2.6,361
3835,2.5,228
3836,3.6,456
3837,2.5,23
3838,4.2,1707
3839,1.6,1315
3840,3.0,156
3841,2.7,1292
3842,1.8,174
3843,4.0,262
3844,2.8,1308
3845,2.9,1094
3846,4.2,1233
3847,1.7,1628
3848,4.9,1921
3849,4.9,1351
3850,3.6,1202
3851,3.8,1942
3852,2.8,1775
3853,1.6,1581
3854,4.2,511
3855,4.6,654
3856,1.8,1626
3857,4.1,1514
3858,3.9,961
3859,3.5,1690
3860,3.5,1189
3861,1.5,1282
3862,3.2,1934
3863,3.9,515
3864,3.1,612
3865,3.1,1993
3866,1.8,1023
3867,3.4,664
3868,2.6,185
3869,3.2,746
3870,2.9,1922
3871,3.4,1683
3872,2.3,1178
3873,4.9,725
3874,3.4,803
3875,1.8,1663
3876,4.5,1041
3877,2.3,925
3878,2.2,471
3879,3.3,1479
3880,4.1,327
3881,4.2,1724
3882,3.1,856
3883,2.7,1873
3884,4.3,1337
3885,4.3,1152
3886,4.7,612
3887,2.4,320
3888,2.8,1787
3889,3.6,1722
3890,1.6,1631
3891,1.6,1835
3892,4.8,1303
3893,2.4,183
3894,1.8,1060
3895,4.6,1442
3896,4.9,1260
3897,2.1,1327
3898,4.5,496
3899,1.6,1065
3900,3.2,1501
3901,3.5,1668
3902,4.4,480
3903,2.8,954
3904,4.6,1662
3905,2.9,1370
3906,3.0,640
3907,3.7,919
3908,3.2,1905
3909,4.0,1235
3910,3.6,236
3911,4.5,255
3912,4.2,1436
3913,3.1,758
3914,4.3,1908
3915,2.7,1341
3916,2.4,290
3917,3.8,1514
3918,3.9,509
3919,2.1,1877
3920,2.9,493
3921,4.5,805
3922,4.5,765
3923,3.1,1546
3924,4.2,356
3925,2.1,1623
3926,3.7,1650
3927,2.3,1875
3928,4.6,618
3929,3.2,657
3930,4.0,516
3931,4.6,2000
3932,3.5,1357
3933,4.3,496
3934,3.4,1368
3935,2.1,1048
3936,3.0,888
3937,4.6,1382
3938,4.9,21
3939,3.7,1602
3940,3.7,1643
3941,2.4,413
3942,2.7,193
3943,2.9,1656
3944,4.3,1284
3945,3.1,605
3946,4.6,274
3947,4.9,1566
3948,2.1,97
3949,2.8,1876
3950,2.8,1436
3951,2.4,1217
3952,4.0,352
3953,3.6,1726
3954,4.8,1574
3955,3.2,1934
3956,3.4,1542
3957,4.7,953
3958,4.6,1022
3959,3.9,722
3960,2.8,1816
3961,2.4,494
3962,4.4,774
3963,4.8,118
3964,3.8,1831
3965,5.0,1383
3966,4.2,976
3967,4.5,1165
3968,2.2,931
3969,1.8,933
3970,1.8,1116
3971,2.1,529
3972,3.8,1858
3973,3.2,1616
3974,2.9,1419
3975,4.9,1
3976,4.6,165
3977,3.6,1722
3978,1.7,840
3979,2.2,354
3980,2.9,751
3981,2.2,1813
3982,2.9,1670
3983,4.7,1569
3984,5.0,589
3985,4.0,1367
3986,4.0,77
3987,2.2,1160
3988,3.9,1747
3989,2.9,1585
3990,4.2,1484
3991,2.6,1585
3992,3.8,1016
3993,1.9,501
3994,2.0,583
3995,4.2,866
3996,2.7,1200
3997,2.0,826
3998,4.6,983
3999,3.8,1044
4000,4.2,1569
4001,4.8,386
4002,4.4,1249
4003,3.2,316
4004,2.1,1786
4005,2.9,318
4006,4.3,1880
4007,2.6,708
4008,4.7,368
4009,4.2,1253
4010,4.9,753
4011,3.3,1624
4012,1.6,1622
4013,3.5,1693
4014,2.0,445
4015,2.0,1012
4016,1.5,1529
4017,1.9,1889
4018,4.7,900
4019,4.7,1566
4020,3.2,1896
4021,4.9,1380
4022,3.6,132
4023,1.6,1027
4024,2.7,1068
4025,4.4,166
4026,3.5,345
4027,3.9,1704
4028,2.7,300
4029,4.4,1977
4030,1.9,150
4031,5.0,617
4032,2.6,1241
4033,4.7,412
4034,1.8,380
4035,3.7,1326
4036,4.9,1635
4037,4.6,439
4038,3.4,987
4039,3.5,320
4040,3.4,473
4041,4.3,465
4042,2.6,1489
4043,2.8,1227
4044,2.2,1957
4045,3.9,620
4046,4.7,222
4047,4.1,1151
4048,4.1,1186
4049,3.0,872
4050,3.7,264
4051,3.5,1029
4052,2.9,1216
4053,4.7,571
4054,2.1,1016
4055,2.4,574
4056,4.0,736
4057,4.5,1219
4058,4.3,539
4059,2.8,867
4060,3.1,1324
4061,3.5,218
4062,2.4,696
4063,1.7,173
4064,3.5,1945
4065,4.7,1358
4066,3.5,707
4067,4.4,1234
4068,4.4,1428
4069,3.4,503
4070,2.8,421
4071,4.4,1310
4072,2.1,1311
4073,2.5,705
4074,3.9,223
4075,1.9,1435
4076,4.4,1200
4077,4.7,1926
4078,3.9,1426
4079,2.4,1564
4080,3.5,828
4081,4.9,684
4082,2.5,225
4083,3.4,558
4084,2.4,395
4085,3.1,1452
4086,4.2,1259
4087,5.0,353
4088,3.8,1834
4089,1.6,192
4090,4.7,1743
4091,3.5,888
4092,2.0,1410
4093,2.6,397
4094,2.3,1192
4095,3.7,831
4096,1.8,1879
4097,4.3,1807
4098,2.3,1780
4099,1.5,1172
4100,3.6,711
4101,3.6,1738
4102,3.7,1728
4103,2.3,503
4104,1.7,1473
4105,3.2,951
4106,2.6,1272
4107,3.4,129
4108,3.2,1833
4109,1.6,1896
4110,1.8,816
4111,1.7,1329
4112,4.7,253
4113,4.6,1227
4114,4.1,257
4115,3.4,1634
4116,2.9,60
4117,4.8,1178
4118,1.6,1364
4119,2.1,150
4120,4.2,350
4121,3.2,469
4122,3.2,168
4123,3.8,1529
4124,4.3,1805
4125,2.5,1057
4126,2.6,994
4127,4.9,1609
4128,4.8,624
4129,3.2,1917
4130,2.7,1632
4131,2.5,861
4132,2.1,367
4133,3.1,1485
4134,4.2,342
4135,3.4,296
4136,3.2,190
4137,3.8,128
4138,4.5,592
4139,3.9,1127
4140,4.6,1125
4141,2.8,1841
4142,3.6,237
4143,2.1,592
4144,2.3,1918
4145,1.7,953
4146,4.4,1598
4147,3.2,1360
4148,1.7,1473
4149,3.9,1002
4150,5.0,1199
4151,2.2,487
4152,2.1,1581
4153,2.5,1163
4154,3.5,1675
4155,3.3,1337
4156,4.6,1356
4157,3.1,179
4158,2.3,933
4159,2.0,1136
4160,2.8,942
4161,2.8,1601
4162,4.7,817
4163,4.1,348
4164,3.8,356
4165,4.9,84
4166,3.1,598
4167,3.4,650
4168,1.8,467
4169,3.7,287
4170,2.5,1789
4171,2.7,628
4172,3.7,33
4173,4.5,152
4174,2.5,1568
4175,4.7,727
4176,4.8,321
4177,3.5,1372
4178,2.4,871
4179,2.8,613
4180,2.1,848
4181,4.8,1429
4182,3.2,1974
4183,3.7,729
4184,3.0,1658
4185,4.9,1699
4186,2.3,848
4187,2.5,1450
4188,4.6,215
4189,4.6,476
4190,4.6,1822
4191,1.7,767
4192,4.8,701
4193,2.6,29
4194,1.9,1682
4195,3.9,1899
4196,1.8,1036
4197,4.6,726
4198,4.2,1248
4199,2.0,1327
4200,3.5,934
4201,3.6,1508
4202,1.9,451
4203,4.8,159
4204,2.2,1076
4205,4.7,1173
4206,4.8,1328
4207,1.8,889
4208,5.0,1480
4209,2.6,23
4210,1.9,1905
4211,2.8,1516
4212,4.5,1524
4213,3.6,1896
4214,2.4,1374
4215,1.8,1582
4216,2.8,856
4217,4.1,1338
4218,4.4,1539
4219,3.7,1851
4220,4.7,1459
4221,3.7,712
4222,1.6,924
4223,4.4,492
4224,3.0,1066
4225,5.0,1840
4226,3.4,1406
4227,3.0,1789
4228,1.6,339
4229,3.1,21
4230,4.2,132
4231,4.8,494
4232,4.0,1892
4233,1.6,1629
4234,2.5,1520
4235,4.0,463
4236,3.4,910
4237,2.9,207
4238,2.7,1279
4239,3.3,1636
4240,3.2,1348
4241,3.9,1550
4242,1.7,1192
4243,1.6,1353
4244,2.5,124
4245,1.8,26
4246,1.5,89
4247,3.5,1121
4248,2.8,373
4249,3.8,188
4250,3.9,45
4251,1.7,439
4252,2.2,440
4253,4.9,1679
4254,1.6,673
4255,3.6,1840
4256,1.6,913
4257,4.0,422
4258,2.3,685
4259,4.7,1021
4260,2.8,1645
4261,1.6,191
4262,2.9,1529
4263,2.7,452
4264,2.8,617
4265,4.5,1628
4266,2.7,153
4267,1.9,992
4268,2.1,1289
4269,3.1,1280
4270,2.2,1837
4271,3.4,680
4272,2.3,1648
4273,3.8,513
4274,2.8,1934
4275,4.3,574
4276,2.1,1626
4277,2.7,463
4278,4.3,1704
4279,2.8,1017
4280,2.1,354
4281,4.5,1027
4282,2.3,1323
4283,2.5,1079
4284,2.6,318
4285,4.1,1966
4286,1.6,1396
4287,3.3,272
4288,3.1,1647
4289,2.6,318
4290,3.4,1778
4291,2.9,1553
4292,3.0,112
4293,1.7,1851
4294,2.8,1267
4295,4.2,1563
4296,3.4,1327
4297,4.5,61
4298,5.0,659
4299,4.1,1839
4300,4.8,1774
4301,2.0,1126
4302,4.2,1742
4303,5.0,896
4304,3.0,1036
4305,4.4,1678
4306,2.2,1639
4307,1.7,1981
4308,4.1,1327
4309,2.3,51
4310,3.3,758
4311,2.1,673
4312,2.7,1420
4313,3.4,1672
4314,4.1,1456
4315,2.9,1391
4316,3.6,1173
4317,3.7,248
4318,2.6,1564
4319,3.1,146
4320,4.8,1629
4321,2.5,1249
4322,2.3,424
4323,1.8,635
4324,1.6,304
4325,2.1,33
4326,3.8,1229
4327,2.3,667
4328,3.4,935
4329,3.9,453
4330,3.3,1707
4331,1.8,404
4332,1.9,661
4333,4.2,205
4334,3.9,228
4335,2.2,622
4336,2.7,1259
4337,3.6,87
4338,3.8,561
4339,3.5,487
4340,4.9,465
4341,3.0,1146
4342,3.3,1382
4343,4.6,1279
4344,3.1,1569
4345,3.9,1308
4346,2.0,1831
4347,3.5,1980
4348,3.1,1613
4349,3.0,1290
4350,4.9,1320
4351,4.4,543
4352,3.2,1367
4353,2.9,702
4354,1.7,1201
4355,4.1,950
4356,4.8,954
4357,3.2,276
4358,3.6,1472
4359,3.0,1945
4360,3.0,1370
4361,1.7,1276
4362,4.0,51
4363,1.9,1856
4364,1.5,712
4365,3.4,282
4366,4.0,1377
4367,3.3,91
4368,1.6,1798
4369,1.8,1697
4370,4.0,1847
4371,1.7,433
4372,4.6,487
4373,3.0,906
4374,3.6,498
4375,4.7,751
4376,2.5,1787
4377,4.8,1550
4378,1.9,427
4379,2.1,1200
4380,3.1,1764
4381,3.0,1165
4382,3.5,501
4383,2.2,1548
4384,3.2,1146
4385,2.4,692
4386,2.2,1885
4387,3.9,585
4388,4.8,331
4389,4.8,1834
4390,2.0,108
4391,2.1,715
4392,1.8,694
4393,3.6,1959
4394,3.7,1962
4395,2.1,181
4396,4.5,709
4397,4.7,56
4398,2.7,525
4399,3.5,875
4400,3.2,680
4401,4.2,410
4402,4.2,1470
4403,3.5,616
4404,2.1,1302
4405,3.5,867
4406,1.6,126
4407,3.7,929
4408,3.7,853
4409,4.2,519
4410,2.5,1514
4411,2.4,1963
4412,4.0,1293
4413,1.7,1902
4414,4.0,1668
4415,1.7,510
4416,4.9,511
4417,3.4,472
4418,4.8,649
4419,3.5,868
4420,3.5,417
4421,1.7,781
4422,2.8,1507
4423,2.2,612
4424,4.2,982
4425,1.7,1589
4426,2.0,347
4427,4.3,1186
4428,5.0,435
4429,2.7,994
4430,3.2,1734
4431,2.4,1004
4432,4.8,1005
4433,4.8,1948
4434,2.8,986
4435,2.0,1702
4436,4.4,1607
4437,3.0,1975
4438,5.0,37
4439,2.2,1320
4440,4.9,1368
4441,3.3,1762
4442,4.2,1328
4443,1.8,253
4444,2.8,115
4445,3.6,396
4446,1.9,1969
4447,3.5,1454
4448,3.0,1365
4449,1.6,792
4450,2.6,1011
4451,4.1,1212
4452,3.7,451
4453,2.7,624
4454,2.1,1940
4455,2.8,1555
4456,4.5,1564
4457,2.4,795
4458,2.2,1231
4459,4.2,1060
4460,2.6,492
4461,2.3,156
4462,1.6,361
4463,2.5,938
4464,2.1,1870
4465,2.7,1230
4466,1.8,931
4467,2.1,750
4468,2.1,350
4469,2.1,1475
4470,3.3,1026
4471,1.5,1502
4472,2.6,1068
4473,3.3,827
4474,4.5,666
4475,2.4,575
4476,4.1,1845
4477,2.7,1756
4478,2.3,1171
4479,4.5,755
4480,4.8,1752
4481,2.2,1161
4482,2.3,1715
4483,1.9,1391
4484,3.2,1066
4485,2.9,1561
4486,4.5,1180
4487,2.5,492
4488,3.7,833
4489,3.6,630
4490,1.9,1563
4491,2.9,401
4492,3.7,844
4493,1.6,1510
4494,3.8,130
4495,1.7,639
4496,4.8,1180
4497,4.2,18
4498,1.6,352
4499,2.2,1406
4500,3.1,1072
4501,1.9,1917
4502,1.6,1086
4503,2.2,231
4504,2.0,834
4505,3.2,1112
4506,1.8,1462
4507,4.9,1873
4508,3.8,170
4509,2.9,1794
4510,2.4,1196
4511,4.7,207
4512,2.6,1579
4513,2.3,321
4514,1.7,1032
4515,1.8,1650
4516,3.8,271
4517,1.5,822
4518,4.2,1963
4519,1.8,372
4520,1.5,568
4521,3.5,427
4522,4.2,1143
4523,1.7,1038
4524,2.3,1998
4525,3.2,820
4526,2.6,1106
4527,1.7,1531
4528,3.8,1551
4529,2.6,1662
4530,3.8,1310
4531,2.0,1197
4532,4.8,1029
4533,3.2,713
4534,3.7,1866
4535,4.4,1362
4536,2.3,241
4537,3.9,740
4538,4.2,778
4539,1.9,156
4540,2.1,199
4541,2.0,705
4542,2.0,1329
4543,2.1,1539
4544,1.6,1201
4545,2.2,553
4546,2.7,310
4547,3.9,1620
4548,3.5,618
4549,4.0,766
4550,4.2,198
4551,2.4,823
4552,4.6,1920
4553,3.5,1756
4554,4.4,1149
4555,3.8,72
4556,3.2,445
4557,2.4,1149
4558,2.0,1525
4559,3.5,269
4560,4.2,781
4561,4.0,63
4562,4.6,1574
4563,4.6,1871
4564,4.8,896
4565,2.2,1669
4566,1.9,974
4567,3.9,544
4568,1.7,1693
4569,3.0,622
4570,4.9,1020
4571,4.3,479
4572,1.6,1104
4573,4.6,159
4574,3.8,1686
4575,3.8,1868
4576,1.8,1323
4577,2.0,477
4578,4.8,669
4579,2.9,652
4580,4.7,1936
4581,2.6,1312
4582,2.3,864
4583,2.2,229
4584,3.9,408
4585,2.4,1411
4586,2.5,350
4587,4.8,464
4588,3.3,623
4589,4.0,631
4590,2.3,1975
4591,2.2,1456
4592,2.1,32
4593,1.6,992
4594,4.1,712
4595,4.2,46
4596,4.4,25
4597,3.7,1980
4598,3.4,14
4599,1.6,1515
4600,1.7,1098
4601,2.7,1333
4602,3.1,787
4603,2.4,1688
4604,5.0,1049
4605,3.1,612
4606,2.6,1799
4607,2.8,1618
4608,2.9,1802
4609,4.4,685
4610,3.9,1475
4611,2.9,1354
4612,2.4,1688
4613,1.6,1343
4614,2.0,383
4615,2.2,1866
4616,3.7,209
4617,3.4,1400
4618,1.7,707
4619,4.2,1508
4620,1.6,1114
4621,2.7,1632
4622,4.3,1330
4623,2.7,241
4624,2.0,132
4625,3.7,744
4626,2.9,1655
4627,4.1,1531
4628,4.4,817
4629,4.6,1592
4630,3.6,1596
4631,1.9,733
4632,4.0,346
4633,2.3,1333
4634,1.9,1808
4635,2.8,598
4636,1.9,1291
4637,2.3,37
4638,2.3,700
4639,2.9,1683
4640,3.0,127
4641,3.4,570
4642,3.9,588
4643,4.1,123
4644,3.2,1636
4645,4.2,1184
4646,3.7,1027
4647,2.7,618
4648,2.7,920
4649,4.1,263
4650,2.3,638
4651,4.9,268
4652,4.6,952
4653,2.9,1883
4654,1.8,572
4655,3.0,1859
4656,3.2,72
4657,4.2,238
4658,2.2,642
4659,1.6,1266
4660,4.4,1845
4661,1.8,459
4662,5.0,503
4663,2.3,945
4664,1.7,1674
4665,3.9,1618
4666,4.8,1081
4667,3.9,956
4668,1.6,1334
4669,3.3,1890
4670,2.2,1900
4671,3.3,982
4672,3.4,117
4673,4.8,1941
4674,2.9,113
4675,2.8,212
4676,2.4,1233
4677,1.9,992
4678,2.1,1679
4679,2.1,515
4680,2.2,1780
4681,4.7,1853
4682,2.0,749
4683,4.8,1048
4684,2.3,1624
4685,2.8,1547
4686,3.7,1097
4687,2.0,1122
4688,2.5,898
4689,5.0,1587
4690,3.9,1922
4691,3.1,1501
4692,1.7,1683
4693,2.5,185
4694,2.5,589
4695,4.0,590
4696,2.1,70
4697,4.7,769
4698,2.3,597
4699,4.4,1534
4700,3.1,1683
4701,2.0,1899
4702,4.1,1812
4703,1.6,1252
4704,3.8,848
4705,3.1,168
4706,1.9,1674
4707,3.1,457
4708,3.7,846
4709,3.2,263
4710,2.2,94
4711,2.8,1898
4712,4.0,1114
4713,4.8,1940
4714,4.9,1690
4715,3.5,197
4716,2.7,334
4717,2.2,64
4718,3.2,1884
4719,2.9,1612
4720,2.7,1205
4721,2.2,1546
4722,4.3,1190
4723,2.5,1622
4724,2.7,1430
4725,1.7,771
4726,2.2,754
4727,2.3,600
4728,1.8,897
4729,3.0,588
4730,4.7,762
4731,1.7,1210
4732,2.2,332
4733,4.5,1887
4734,4.9,642
4735,4.2,527
4736,3.2,781
4737,3.4,138
4738,2.8,1639
4739,4.1,588
4740,2.2,1236
4741,4.6,1450
4742,1.5,1997
4743,2.1,198
4744,3.5,944
4745,3.9,797
4746,3.6,881
4747,1.9,1620
4748,1.7,1315
4749,2.6,1099
4750,3.2,1298
4751,2.9,511
4752,1.6,1864
4753,3.2,179
4754,3.4,1449
4755,4.4,1050
4756,3.7,1346
4757,3.7,1430
4758,2.3,1579
4759,2.0,468
4760,4.1,1564
4761,3.8,1042
4762,4.5,1607
4763,1.7,1718
4764,4.5,1753
4765,1.6,304
4766,1.8,26
4767,4.5,1633
4768,3.5,313
4769,1.8,1360
4770,2.1,651
4771,2.6,948
4772,4.9,443
4773,2.1,531
4774,4.1,1518
4775,4.1,234
4776,2.5,74
4777,4.7,1774
4778,3.1,719
4779,2.9,595
4780,2.6,822
4781,4.1,1670
4782,2.8,400
4783,3.9,721
4784,4.0,1612
4785,3.6,358
4786,2.2,591
4787,2.8,1466
4788,1.6,851
4789,3.7,1429
4790,3.4,60
4791,2.0,1770
4792,4.0,938
4793,3.0,2
4794,4.9,1717
4795,2.8,789
4796,3.7,1088
4797,2.0,232
4798,3.4,1928
4799,3.1,236
4800,4.3,1578
4801,3.0,1076
4802,2.2,432
4803,3.6,1619
4804,4.8,43
4805,2.4,1882
4806,3.1,472
4807,2.6,1561
4808,3.5,813
4809,2.4,537
4810,3.5,1757
4811,2.1,807
4812,1.6,730
4813,4.1,1466
4814,4.8,1230
4815,3.4,1180
4816,1.5,80
4817,1.9,1996
4818,2.8,374
4819,1.8,63
4820,4.1,1502
4821,3.6,1087
4822,2.7,526
4823,4.0,524
4824,3.8,722
4825,2.5,643
4826,1.7,55
4827,4.5,1196
4828,3.7,799
4829,4.3,1484
4830,1.6,849
4831,2.9,1288
4832,3.8,1628
4833,2.6,886
4834,3.1,1514
4835,4.5,262
4836,4.3,628
4837,2.0,1717
4838,2.5,82
4839,4.0,132
4840,4.5,1183
4841,2.7,1756
4842,3.7,277
4843,5.0,1823
4844,1.7,1418
4845,2.0,434
4846,4.7,1802
4847,1.5,1624
4848,3.3,1652
4849,1.6,756
4850,1.5,619
4851,4.6,1424
4852,1.9,346
4853,1.8,826
4854,3.3,668
4855,3.2,1794
4856,2.0,300
4857,3.6,971
4858,4.7,792
4859,1.6,1744
4860,4.8,431
4861,4.3,317
4862,4.1,168
4863,2.6,1455
4864,3.5,1456
4865,4.3,639
4866,4.1,841
4867,2.2,1021
4868,4.9,1090
4869,3.4,197
4870,3.3,492
4871,3.6,2000
4872,3.2,1739
4873,1.8,1266
4874,3.7,1793
4875,4.7,1810
4876,4.9,476
4877,4.8,267
4878,4.0,1428
4879,3.4,450
4880,1.7,196
4881,4.4,773
4882,4.4,1160
4883,3.7,1389
4884,4.3,1708
4885,2.9,57
4886,2.0,1318
4887,3.1,1432
4888,3.8,808
4889,3.2,1940
4890,3.9,1107
4891,2.5,346
4892,4.1,1054
4893,2.0,646
4894,2.0,1571
4895,4.5,1059
4896,3.1,1734
4897,3.8,921
4898,4.6,1546
4899,2.3,1454
4900,2.9,1892
4901,4.5,1783
4902,1.8,1675
4903,4.6,351
4904,3.7,1926
4905,3.0,451
4906,3.6,1500
4907,4.8,1371
4908,4.2,847
4909,3.8,829
4910,4.8,1192
4911,1.6,1975
4912,1.8,57
4913,3.0,1141
4914,3.7,344
4915,3.0,433
4916,3.6,68
4917,4.7,752
4918,2.8,1558
4919,2.0,1871
4920,3.5,1266
4921,4.0,1136
4922,2.9,1507
4923,3.9,581
4924,3.7,186
4925,2.7,1352
4926,3.3,1712
4927,3.1,172
4928,2.6,1390
4929,3.8,1808
4930,4.1,1077
4931,2.0,1743
4932,3.2,1943
4933,3.6,713
4934,3.4,639
4935,2.1,996
4936,2.2,1564
4937,1.6,727
4938,3.8,1763
4939,2.6,1020
4940,2.5,1960
4941,3.0,596
4942,4.3,636
4943,1.7,826
4944,3.6,1193
4945,4.3,1861
4946,2.1,1791
4947,1.8,177
4948,3.6,235
4949,4.1,715
4950,4.0,1962
4951,3.4,547
4952,2.0,1316
4953,2.3,1752
4954,4.9,1209
4955,4.4,621
4956,4.6,1767
4957,4.4,485
4958,4.3,1530
4959,3.8,244
4960,3.7,1669
4961,5.0,440
4962,4.9,676
4963,2.0,1113
4964,1.7,1825
4965,2.3,1745
4966,1.9,585
4967,3.9,1976
4968,3.6,1711
4969,4.8,1111
4970,4.5,1506
4971,1.9,1749
4972,4.9,1625
4973,2.3,782
4974,1.7,502
4975,2.6,567
4976,3.0,1907
4977,2.8,1989
4978,2.5,540
4979,1.8,144
4980,2.4,680
4981,2.1,1437
4982,3.5,1428
4983,2.8,1086
4984,3.0,525
4985,2.3,521
4986,4.4,1430
4987,4.8,667
4988,4.8,968
4989,3.9,283
4990,1.8,1107
4991,4.4,353
4992,1.6,1994
4993,4.2,428
4994,4.3,1953
4995,1.9,1035
4996,1.9,961
4997,3.6,1739
4998,2.0,1396
4999,2.2,817
5000,4.4,1341
